TIER,REGIÃO,RESULTADO,DATA,SEM,Nome de Familia,Kill,Death,STREAK,DMG APP,DMG REC,CC,SELF HEAL,ALLY HEAL,PINO DMG,CNON ACC,CNON DEST,CNON DIST,TRAPS,DAED TIME,SURV TIME
T2,Calpheon,PARTICIPAÇÃO,30/04/2026,Qui,Ahzzim,4,12,2,"152,700","287,900",9,"224,100","324,100","4,300,000",0,0,0,0,0,0
,,,30/04/2026,Qui,ExtincT,11,7,3,"370,800","267,600",24,"213,500","26,208","1,300,000",0,0,0,0,0,0
,,,30/04/2026,Qui,Infa,30,10,7,"696,300","325,300",109,"258,900","41,098","2,600,000",0,0,0,0,0,0
,,,30/04/2026,Qui,Kosh,17,11,3,"518,700","425,200",70,"348,200","39,377","1,700,000",0,0,0,0,0,0
,,,30/04/2026,Qui,Patren,7,9,1,"194,000","205,000",18,"124,800","16,702","1,700,000",0,0,0,0,0,0
,,,30/04/2026,Qui,Anthropos,6,9,1,"247,000","190,200",37,"111,500","16,379","1,900,000",0,0,0,0,0,0
,,,30/04/2026,Qui,Azly,6,14,1,"133,700","289,200",11,"180,900","162,700","1,900,000",0,0,0,0,0,0
,,,30/04/2026,Qui,Kaonaxx,9,17,3,"140,300","310,100",24,"145,600","23,793","723,700",0,0,0,0,0,0
,,,30/04/2026,Qui,ANF,1,18,1,"137,900","355,200",26,"182,800","33,697","199,100",0,0,0,0,0,0
,,,30/04/2026,Qui,Tdz1,10,9,3,"382,600","325,800",29,"280,300","44,021","1,600,000",0,0,0,0,0,0
,,,30/04/2026,Qui,Goushin,7,10,2,"219,200","279,400",23,"201,600","22,350","1,900,000",0,0,0,0,0,0
,,,30/04/2026,Qui,Hauks,1,22,1,"25,603","340,000",21,"119,800","266,500","2,200,000",0,0,0,0,0,0
,,,30/04/2026,Qui,Likimo,22,8,4,"591,700","196,500",39,"123,800","19,519","4,000,000",0,0,0,0,0,0
,,,30/04/2026,Qui,Haro33,13,9,2,"369,000","276,100",40,"199,900","25,822","1,700,000",0,0,0,0,0,0
,,,30/04/2026,Qui,Desecrate,0,8,0,"45,533","132,700",15,"70,577","8,556","541,200",0,0,0,0,0,0
,,,30/04/2026,Qui,Kvaratskhelia7,18,11,3,"369,100","326,000",31,"238,800","32,392","4,000,000",0,0,0,0,0,0
,,,30/04/2026,Qui,Slow,6,11,1,"204,000","241,200",48,"150,900","17,977","1,900,000",0,0,0,0,0,0
,,,30/04/2026,Qui,PAULAOl,11,4,1,"515,700","213,600",48,"193,600","44,813","2,600,000",0,0,0,0,0,0
,,,30/04/2026,Qui,LinnWatts,2,14,1,"95,872","237,600",48,"119,800","17,163","977,800",0,0,0,0,0,0
,,,30/04/2026,Qui,GhostFarmer,7,15,1,"353,100","388,000",42,"297,400","35,588","4,900,000",0,0,0,0,0,0
,,,30/04/2026,Qui,Honsberg,0,16,0,"34,631","318,100",10,"159,700","169,200","2,100,000",0,0,0,0,0,0
,,,30/04/2026,Qui,Tripaloska,12,11,2,"364,500","346,900",26,"269,000","25,565","4,800,000",0,0,0,0,0,0
,,,30/04/2026,Qui,BloodAxe,14,14,1,"241,500","340,500",35,"221,300","36,645","1,000,000",0,0,0,0,0,0
,,,30/04/2026,Qui,Hogma,0,13,0,"18,577","269,900",4,"136,700","234,400","192,400",0,0,0,0,0,0
,,,30/04/2026,Qui,VitaoX,2,13,1,"183,300","343,300",43,"237,400","31,738","2,200,000",0,0,0,0,0,0
,,,30/04/2026,Qui,Mayke,0,11,0,551,"161,000",0,"61,305","78,965","1,479",0,0,0,0,0,0
,,,30/04/2026,Qui,Illumi,13,12,2,"239,400","332,700",49,"256,800","39,409","6,300,000",0,0,0,0,0,0
,,,30/04/2026,Qui,Spots,0,1,0,"1,725","23,343",12,"16,507","5,823",0,0,0,0,0,0,0
T2,Calpheon,PARTICIPAÇÃO,01/05/2026,Sex,Kosh,16,26,2,"648,200","687,400",119,"463,200","51,257","4,700,000",0,0,0,0,00:13,00:41:51
,,,01/05/2026,Sex,PAULAOl,23,18,5,"828,100","426,000",99,"254,900","42,754","1,500,000",0,0,0,0,00:10,00:45:25
,,,01/05/2026,Sex,Slow,10,23,2,"520,400","488,900",87,"282,700","37,837","3,500,000",0,0,0,0,00:17,00:38:15
,,,01/05/2026,Sex,GhostFarmer,13,22,5,"380,600","461,800",57,"307,800","54,112","5,300,000",0,0,0,1,00:10,00:44:57
,,,01/05/2026,Sex,Hauks,0,37,0,"65,841","519,500",52,"194,700","237,000","2,900,000",0,0,0,0,00:19,00:35:59
,,,01/05/2026,Sex,Likimo,18,22,3,"800,900","395,600",84,"170,900","25,977","3,800,000",0,0,0,0,00:12,00:42:57
,,,01/05/2026,Sex,OPeres,8,21,2,"277,400","388,200",38,"203,200","34,442","3,000,000",0,0,0,0,00:15,00:40:17
,,,01/05/2026,Sex,Anthropos,7,21,1,"341,700","321,800",65,"136,900","27,764","2,800,000",0,0,0,0,00:11,00:44:27
,,,01/05/2026,Sex,CBUM,2,20,1,"106,700","318,900",14,"119,000","23,183","278,700",0,0,0,0,00:27:39,00:28:00
,,,01/05/2026,Sex,Pronii,12,20,2,"480,200","336,700",52,"139,700","23,388","4,300,000",0,0,0,0,00:10,00:44:48
,,,01/05/2026,Sex,Goushin,6,17,2,"308,000","447,000",39,"307,000","61,782","6,600,000",0,0,0,1,00:09,00:46:10
,,,01/05/2026,Sex,Mayke,2,23,1,"132,100","330,400",22,"122,400","21,065",0,0,0,0,0,00:20,00:34:46
,,,01/05/2026,Sex,Venus,1,17,1,"77,696","227,700",9,"71,151","16,931","1,300,000",0,0,0,0,00:08,00:47:03
,,,01/05/2026,Sex,Desecrate,4,20,2,"150,300","343,100",111,"164,000","23,959","698,500",0,0,0,0,00:10,00:44:54
,,,01/05/2026,Sex,Spots,3,19,1,"152,300","311,900",14,"153,700","24,938","1,000,000",0,0,0,0,00:14,00:41:36
,,,01/05/2026,Sex,ToxiTo,1,14,1,"65,058","218,800",13,"113,200","21,606","1,100,000",0,0,0,0,00:22,00:33:22
,,,01/05/2026,Sex,Strongszoldkz,5,24,1,"375,000","393,500",36,"191,000","30,564","3,900,000",0,0,0,0,00:13,00:41:54
,,,01/05/2026,Sex,MoicaSlip,4,25,1,"261,600","438,800",22,"214,000","33,971","4,500,000",0,0,0,1,00:12,00:43:16
,,,01/05/2026,Sex,Infa,28,30,5,"1,000,000","550,800",167,"289,400","50,580","3,800,000",0,0,0,0,00:15,00:40:25
,,,01/05/2026,Sex,Ghunts,4,29,2,"259,000","503,700",33,"213,200","68,424","3,800,000",0,0,0,0,00:17,00:38:22
,,,01/05/2026,Sex,ViTaoX,2,31,1,"272,900","519,900",65,"271,000","66,675","3,200,000",0,0,0,0,00:18,00:37:27
,,,01/05/2026,Sex,ANF,1,35,1,"181,400","516,300",38,"228,800","38,757","3,500,000",0,0,0,1,00:18,00:37:02
,,,01/05/2026,Sex,Kaonaxx,2,34,1,"174,900","477,700",40,"157,100","33,575","1,200,000",0,0,0,0,00:19,00:36:01
,,,01/05/2026,Sex,Arquitorto,7,25,1,"370,300","483,600",67,"273,200","38,079","2,200,000",0,0,0,0,00:14,00:41:10
,,,01/05/2026,Sex,Largo_Moto,4,28,1,"211,200","415,700",28,"211,300","38,269","2,100,000",0,0,0,0,00:17,00:38:34
,,,01/05/2026,Sex,Tdz1,20,26,3,"661,600","537,100",49,"386,800","58,293","4,200,000",0,0,0,0,00:14,00:41:39
,,,01/05/2026,Sex,Vitiin,21,25,3,"640,100","409,900",69,"177,500","64,955","4,300,000",0,0,0,0,00:14,00:40:42
,,,01/05/2026,Sex,Runids,0,26,0,"21,935","4,600,000",14,"192,100","192,200","216,300",0,0,0,0,00:15,00:40:32
,,,01/05/2026,Sex,Kvaratskhelia7,15,26,2,"620,200","485,000",127,"258,400","42,254","5,500,000",0,0,0,0,00:11,00:44:00
,,,01/05/2026,Sex,Henkkai,10,26,1,"392,100","471,200",60,"253,200","43,828","2,300,000",0,0,0,0,00:16,00:39:22
,,,01/05/2026,Sex,OxiTo,3,7,1,"176,200","194,300",34,"135,100","20,376","2,300,000",0,0,0,0,00:10,00:44:56
T2,Calpheon,VITÓRIA,03/05/2026,Dom,Tripaloska,9,8,3,"403,900","316,300",59,"256,600","33,922",0,0,0,0,0,00:02,00:18
,,,03/05/2026,Dom,Goushin,5,9,3,"208,500","251,000",25,"175,600","40,823","594,900",0,0,0,0,00:02,00:17:32
,,,03/05/2026,Dom,Denzell,3,8,1,"282,700","192,200",60,"119,400","14,093",0,0,0,0,0,00:02,00:17:38
,,,03/05/2026,Dom,Kosh,6,15,2,"290,700","286,900",48,"165,800","21,976","2,800,000",0,0,0,0,00:00,00:00:00
,,,03/05/2026,Dom,OPeres,8,6,3,"192,500","261,400",31,"228,900","64,668","2,400,000",0,0,0,0,00:01,00:18:02
,,,03/05/2026,Dom,Anthropos,6,12,2,"233,400","189,300",64,"88,068","17,642","1,500,000",0,0,0,1,00:03,00:16:14
,,,03/05/2026,Dom,Honsberg,0,15,0,"109,000","206,300",42,"96,441","17,679","2,900,000",0,0,0,1,00:04,00:15:30
,,,03/05/2026,Dom,LinnWatts,5,15,4,"199,600","231,900",67,"97,080","23,639","1,300,000",0,0,0,0,00:05,00:14:43
,,,03/05/2026,Dom,Likimo,26,8,7,"499,000","194,300",64,"114,600","15,203","1,200,000",0,0,0,0,00:02,00:18:00
,,,03/05/2026,Dom,Portela,3,8,1,"150,600","170,100",13,"99,127","14,497","2,800,000",0,0,0,0,00:02,00:17:40
,,,03/05/2026,Dom,MoicaSlip,4,8,1,"191,600","233,500",13,"179,800","42,227",0,0,0,0,0,00:00,00:00:00
,,,03/05/2026,Dom,ViTaoX,3,19,2,"102,700","285,200",24,"99,247","28,720","1,600,000",0,0,0,0,00:06,00:13:31
,,,03/05/2026,Dom,OxiTo,6,7,2,"204,600","207,600",25,"174,700","28,922",0,0,0,0,0,00:01,00:18:06
,,,03/05/2026,Dom,Xtene,2,7,1,"117,600","200,200",6,"136,900","14,623",0,0,0,0,0,00:02,00:18:00
,,,03/05/2026,Dom,Infa,15,6,3,"466,400","201,000",79,"162,000","184,000","1,800,000",0,0,0,0,00:01,00:18:37
,,,03/05/2026,Dom,Illumi,10,6,2,"280,800","297,900",66,"272,300","40,197","2,100,000",0,0,0,0,00:01,00:18:29
,,,03/05/2026,Dom,Japah,1,8,1,"120,900","189,700",15,"120,600","16,844",0,0,0,0,0,00:03,00:16:34
,,,03/05/2026,Dom,ExtincT,14,9,3,"319,900","228,200",18,"148,900","19,343","2,100,000",0,0,0,0,00:02,00:17:16
,,,03/05/2026,Dom,MitinGOD,1,5,1,"142,600","207,600",11,"167,200","24,609",0,0,0,0,0,00:01,00:18:34
,,,03/05/2026,Dom,Azly,15,12,3,"472,500","264,900",49,"149,100","17,963","1,600,000",0,0,0,0,00:00,00:00:00
,,,03/05/2026,Dom,GhostFarmer,4,13,2,"254,900","289,600",33,"194,800","35,014",0,0,0,0,0,00:04,00:15:42
,,,03/05/2026,Dom,Hauks,0,14,0,"15,997","224,200",8,"84,235","92,434","1,500,000",0,0,0,0,00:00,00:00:00
,,,03/05/2026,Dom,Patren,6,8,1,"154,700","177,700",7,"102,600","14,135","1,300,000",0,0,0,0,00:02,00:18:01
,,,03/05/2026,Dom,Hogma,0,12,0,"19,389","229,100",14,"105,600","224,100","783,700",0,0,0,0,00:04,00:16:01
,,,03/05/2026,Dom,Venus,1,9,1,"71,334","201,000",16,"120,000","13,206","396,400",0,0,0,0,00:02,00:17:15
,,,03/05/2026,Dom,BloodAxe,8,10,1,"205,500","249,400",32,"178,100","27,441","1,900,000",0,0,0,0,00:00,00:00:00
,,,03/05/2026,Dom,AlmeidaS,3,9,1,"57,077","240,700",16,"174,600","29,735","435,400",0,0,0,0,00:00,00:00:00
,,,03/05/2026,Dom,Spots,5,0,2,163,"5,619",125,"6,448","34,982",0,0,0,0,0,00:00,00:20:01
T2,Ulukita,PARTICIPAÇÃO,04/05/2026,Seg,ANF,4,23,1,"254,000","416,400",66,"215,500","33,522","1,200,000",0,0,0,0,00:10,00:47:52
,,,04/05/2026,Seg,Anthropos,4,14,1,"278,600","292,300",42,"165,600","17,303","1,000,000",0,0,0,0,00:06,00:51:07
,,,04/05/2026,Seg,LinnWatts,7,9,2,"156,400","206,200",33,"126,600","14,777","15,900,000",0,0,0,1,00:04,00:53:21
,,,04/05/2026,Seg,OPeres,9,12,2,"248,100","361,600",41,"282,500","35,358","4,900,000",0,0,0,0,00:05,00:52:45
,,,04/05/2026,Seg,Tdz1,12,11,2,"396,700","312,100",36,"260,100","37,636","1,600,000",0,0,0,0,00:04,00:53:40
,,,04/05/2026,Seg,Denzell,7,10,1,"245,700","345,100",47,"255,100","23,297","342,500",0,0,0,0,00:07,00:50:29
,,,04/05/2026,Seg,Likimo,42,14,6,"986,600","351,100",120,"221,000","28,918","3,400,000",0,0,0,0,00:06,00:51:18
,,,04/05/2026,Seg,Tripaloska,11,8,3,"460,200","363,200",48,"325,200","25,083","2,100,000",0,0,0,0,00:03,00:54:35
,,,04/05/2026,Seg,Portela,5,8,1,"299,800","271,900",44,"201,800","31,252","2,000,000",0,0,0,0,00:03,00:54:34
,,,04/05/2026,Seg,GhostFarmer,5,19,1,"330,100","473,600",56,"340,100","96,288","3,600,000",0,0,0,0,00:09,00:48:47
,,,04/05/2026,Seg,PAULAOl,35,9,5,"777,800","294,200",105,"241,400","41,089","306,300",0,0,0,0,00:03,00:54:18
,,,04/05/2026,Seg,Azly,17,21,2,"367,800","388,400",54,"201,600","30,410","1,900,000",0,0,0,0,00:09,00:48:15
,,,04/05/2026,Seg,Kosh,17,14,2,"584,800","482,600",89,"386,600","31,197","1,100,000",0,0,0,0,00:06,00:51:29
,,,04/05/2026,Seg,Goushin,4,5,1,"277,200","284,100",30,"261,000","46,584","1,500,000",0,0,0,0,00:02,00:55:45
,,,04/05/2026,Seg,CBUM,3,9,1,"111,700","244,500",11,"181,500","15,781",0,0,0,0,0,00:05,00:52:43
,,,04/05/2026,Seg,Infa,25,12,3,"644,800","376,800",105,"301,000","32,053","2,300,000",0,0,0,0,00:05,00:52:04
,,,04/05/2026,Seg,ViTaoX,0,14,0,"223,700","284,700",53,"168,300","29,704","2,700,000",0,0,0,0,00:06,00:51:53
,,,04/05/2026,Seg,Hauks,1,23,1,"31,194","386,100",27,"165,200","220,300","220,700",0,0,0,0,00:11,00:46:14
,,,04/05/2026,Seg,Abeguar,6,3,3,"9,587","60,178",261,"30,878","2,988",155,0,0,0,0,00:01,00:56:37
,,,04/05/2026,Seg,Japah,7,18,3,"225,900","338,200",18,"165,300","24,625","643,900",0,0,0,5,00:12,00:45:28
,,,04/05/2026,Seg,Runids,0,17,0,"5,949","365,500",8,"209,300","171,000","3,900,000",0,0,0,0,00:07,00:51:01
,,,04/05/2026,Seg,Spots,3,2,1,"2,548","20,398",296,"4,916","55,926",0,0,0,0,0,00:00,00:57:37
T2,Calpheon,PARTICIPAÇÃO,05/05/2026,Ter,LinnWatts,14,18,3,"258,600","400,300",48,"252,200","39,575","13,000,000",0,0,0,4,00:11:10,00:28:36
,,,05/05/2026,Ter,OxiTo,24,11,2,"428,900","454,200",65,"425,400","59,311","6,300,000",0,0,0,0,00:04:28,00:35:18
,,,05/05/2026,Ter,PAULAOl,47,12,5,"1,400,000","470,300",151,"384,100","102,700","12,900,000",0,0,0,0,00:05:07,00:34:39
,,,05/05/2026,Ter,Denzell,21,14,4,"565,800","496,500",120,"399,500","45,209","9,200,000",0,0,0,0,00:05:59,00:33:47
,,,05/05/2026,Ter,Patren,18,14,2,"446,700","386,400",66,"249,900","32,725","12,500,000",0,0,0,0,00:05:59,00:33:47
,,,05/05/2026,Ter,Kordri,19,14,4,"444,600","414,500",43,"340,700","60,743","12,600,000",0,0,0,1,00:09:18,00:30:28
,,,05/05/2026,Ter,Abeguar,9,27,4,"238,400","483,500",20,"233,100","43,991","5,200,000",0,0,0,0,00:11:55,00:27:51
,,,05/05/2026,Ter,Likimo,27,13,3,"773,800","406,800",88,"287,800","35,308","18,300,000",0,0,0,0,00:07:49,00:31:57
,,,05/05/2026,Ter,Japah,3,13,1,"115,000","299,900",9,"196,000","27,346","2,600,000",0,0,0,0,00:09:37,00:30:09
,,,05/05/2026,Ter,MoicaSlip,12,16,2,"315,400","484,600",23,"365,200","99,003","9,400,000",0,0,0,3,00:06:42,00:33:04
,,,05/05/2026,Ter,Portela,20,11,2,"428,300","348,900",56,"245,000","80,932","19,400,000",0,0,0,0,00:04:37,00:35:09
,,,05/05/2026,Ter,GhostFarmer,11,16,3,"353,900","527,500",64,"425,700","60,919","8,300,000",0,0,0,1,00:07:29,00:32:17
,,,05/05/2026,Ter,Illumi,4,16,1,"209,100","473,200",22,"371,800","49,215","3,100,000",0,0,0,0,00:06:57,00:32:49
,,,05/05/2026,Ter,Arquitorto,6,17,1,"274,500","469,000",46,"315,700","44,827","3,500,000",0,0,0,3,00:06:36,00:33:10
,,,05/05/2026,Ter,Honsberg,0,22,0,"23,649","438,100",5,"215,500","824,600","809,800",0,0,0,1,00:10:37,00:29:09
,,,05/05/2026,Ter,ViTaoX,4,25,2,"342,500","559,900",85,"340,300","52,626","3,000,000",0,0,0,0,00:10:45,00:29:01
,,,05/05/2026,Ter,BloodAxe,5,27,1,"343,200","556,600",75,"298,200","55,088","6,900,000",0,0,0,0,00:12:10,00:27:36
,,,05/05/2026,Ter,Goushin,19,10,2,"401,000","362,300",36,"276,800","120,900","5,900,000",0,0,0,1,00:07:03,00:32:43
,,,05/05/2026,Ter,Azly,23,21,4,"626,100","495,800",68,"287,500","44,564","21,300,000",0,0,0,0,00:09:59,00:29:47
,,,05/05/2026,Ter,CorvoNegroo,12,18,3,"330,300","447,000",66,"287,500","35,804","4,000,000",0,0,0,0,00:07:39,00:32:07
,,,05/05/2026,Ter,Severoz,8,20,1,"269,400","461,900",11,"300,000","42,405","621,800",0,0,0,0,00:08:05,00:31:41
,,,05/05/2026,Ter,Kosh,23,17,4,"741,500","550,500",118,"408,900","41,362","191,900",0,0,0,0,00:12:12,00:32:34
,,,05/05/2026,Ter,Ahzzim,5,17,2,"227,200","475,700",7,"370,600","504,600","8,200,000",0,0,0,0,00:07:27,00:32:19
,,,05/05/2026,Ter,Spots,4,0,3,"1,262","11,572",67,"12,245","20,767",0,0,0,0,0,00:00:00,00:39:46
T2,Ulukita,PARTICIPAÇÃO,06/05/2026,Qua,Anthropos,10,22,1,"368,900","408,800",77,"198,500","28,765","1,600,000",0,0,0,0,00:10:20,00:46:43
,,,06/05/2026,Qua,Likimo,56,20,6,"1,200,000","515,300",177,"352,700","44,650","18,400,000",0,0,0,0,00:10:48,00:46:15
,,,06/05/2026,Qua,SkySlater,21,14,3,"580,400","414,000",109,"305,200","26,959","176,300",0,0,0,0,00:07:28,00:49:35
,,,06/05/2026,Qua,Azly,65,20,8,"1,100,000","636,100",121,"471,500","46,100","13,700,000",0,0,0,0,00:08:12,00:48:51
,,,06/05/2026,Qua,Desecrate,7,4,2,"17,802","104,100",695,"68,626","6,540","98,058",0,0,0,0,00:01:41,00:55:22
,,,06/05/2026,Qua,Pronii,23,14,3,"600,700","402,200",53,"312,700","30,835","5,900,000",0,0,0,1,00:06:41,00:50:22
,,,06/05/2026,Qua,Haro33,44,13,2,"1,000,000","525,300",115,"449,300","42,847","7,600,000",0,0,0,0,00:05:54,00:51:09
,,,06/05/2026,Qua,ViTaoX,6,25,2,"387,200","677,100",86,"479,200","62,968","3,200,000",0,0,0,0,00:12:58,00:44:05
,,,06/05/2026,Qua,OxiTo,9,9,2,"364,600","479,800",72,"459,200","51,594","3,300,000",0,0,0,0,00:06:42,00:50:21
,,,06/05/2026,Qua,Goushin,17,16,2,"3,800,000","504,400",33,"374,700","164,700","4,200,000",0,0,0,0,00:08:20,00:48:43
,,,06/05/2026,Qua,Portela,17,16,2,"267,200","537,600",41,"423,500","39,364","18,800,000",0,0,0,0,00:08:53,00:48:10
,,,06/05/2026,Qua,Japah,9,10,3,"118,100","261,000",56,"189,600","24,389","1,700,000",1,0,68,2,00:07:00,00:50:03
,,,06/05/2026,Qua,LinnWatts,4,14,2,"297,300","270,000",144,"157,100","26,339","2,600,000",226,0,208,3,00:07:30,00:49:33
,,,06/05/2026,Qua,Tripaloska,25,18,2,"728,500","753,600",118,"659,100","62,356","12,100,000",0,0,0,3,00:08:07,00:48:56
,,,06/05/2026,Qua,ANF,9,37,2,"411,700","704,100",73,"410,500","65,654","4,500,000",0,0,0,0,00:16:49,00:40:14
,,,06/05/2026,Qua,ExtincT,18,20,4,"594,300","561,100",42,"394,400","39,477","5,300,000",0,0,0,0,00:09:08,00:47:55
,,,06/05/2026,Qua,Infa,38,24,6,"1,000,000","615,100",195,"439,800","52,218","3,300,000",0,0,0,0,00:10:31,00:46:32
,,,06/05/2026,Qua,Hauks,0,30,0,"39,878","601,300",23,"324,500","1,300,000","1,800,000",0,0,0,0,00:14:34,00:42:29
,,,06/05/2026,Qua,Tdz1,14,32,3,"528,100","539,800",109,"268,900","43,285","5,400,000",0,0,0,0,00:15:42,00:41:21
,,,06/05/2026,Qua,Denzell,24,18,2,"546,600","657,400",117,"522,300","43,878","2,300,000",0,0,0,0,00:09:09,00:47:54
,,,06/05/2026,Qua,BloodAxe,19,24,4,"434,400","639,300",87,"456,700","51,432","7,000,000",0,0,0,1,00:11:12,00:45:51
,,,06/05/2026,Qua,GhostFarmer,16,21,2,"458,100","556,700",67,"428,600","59,106","3,300,000",0,0,0,0,00:13:32,00:43:31
,,,06/05/2026,Qua,Slow,25,22,5,"750,100","560,300",125,"406,800","36,851","1,100,000",0,0,0,0,00:10:30,00:46:33
,,,06/05/2026,Qua,PAULAOl,52,21,4,"1,300,000","604,100",155,"422,800","148,600","6,900,000",0,0,0,0,00:10:14,00:46:49
,,,06/05/2026,Qua,Mayke,2,2,1,0,"25,009",57,"5,273","1,549",0,0,0,0,1,00:00:43,00:56:20
T2,Ulukita,VITÓRIA,07/05/2026,Qui,Likimo,12,3,2,"372,600","119,000",46,"98,468","9,877","4,400,000",0,0,0,0,00:02:52,00:34:09
,,,07/05/2026,Qui,Slow,1,4,1,"67,231","91,507",12,"71,983","5,262","1,300,000",0,0,0,0,00:02:40,00:34:21
,,,07/05/2026,Qui,Kosh,5,6,3,"155,400","142,100",39,"96,017","7,580","4,300,000",0,0,0,0,00:02:39,00:34:22
,,,07/05/2026,Qui,BloodAxe,3,3,2,"87,548","139,200",21,"116,500","11,032","6,300,000",0,0,0,2,00:00:59,00:36:02
,,,07/05/2026,Qui,GhostFarmer,4,3,2,"115,600","152,000",19,"143,800","157,114","6,400,000",0,0,0,0,00:01:02,00:35:59
,,,07/05/2026,Qui,PAULAOl,12,3,2,"308,800","138,200",35,"125,900","36,038","5,400,000",0,0,0,0,00:01:02,00:35:59
,,,07/05/2026,Qui,Strongszoldkz,5,2,2,"141,500","84,186",9,"70,602","6,662","4,800,000",0,0,0,0,00:00:38,00:36:23
,,,07/05/2026,Qui,Desecrate,0,1,0,"21,770","28,959",8,"20,733","2,041","910,200",0,0,0,2,00:00:25,00:36:36
,,,07/05/2026,Qui,Japah,1,1,1,"19,418","50,563",4,"46,911","3,921",0,0,0,0,0,00:00:24,00:36:37
,,,07/05/2026,Qui,LinnWatts,0,2,0,"40,243","52,827",13,"58,990","5,208","78,398",11,0,199,0,00:01:04,00:35:57
,,,07/05/2026,Qui,Hrodrich,3,1,2,"131,000","84,762",15,"82,600","11,297","6,000,000",0,0,0,1,00:00:19,00:36:42
,,,07/05/2026,Qui,Goushin,1,1,1,"89,201","67,959",10,"75,325","12,962","2,100,000",0,0,0,1,00:00:10,00:36:51
,,,07/05/2026,Qui,Tdz1,6,3,1,"145,200","121,600",21,"122,400","12,705","4,100,000",0,0,0,0,00:00:53,00:36:08
,,,07/05/2026,Qui,Kvaratskhelia7,9,3,2,"200,500","97,722",38,"71,501","8,187","5,800,000",0,0,0,4,00:00:50,00:36:11
,,,07/05/2026,Qui,Portela,3,3,2,"103,800","111,200",14,"82,049","45,948","1,700,000",0,0,0,4,00:01:01,00:36:00
,,,07/05/2026,Qui,ViTaoX,0,5,0,"88,269","160,400",18,"138,500","24,671","2,700,000",0,0,0,0,00:01:40,00:35:21
,,,07/05/2026,Qui,ANF,1,5,1,"119,400","185,600",24,"144,000","15,956","3,800,000",0,0,0,2,00:01:31,00:35:30
,,,07/05/2026,Qui,CorvoNegroo,3,6,1,"155,300","171,900",15,"136,300","14,170","2,100,000",0,0,0,0,00:01:56,00:35:05
,,,07/05/2026,Qui,Anthropos,2,1,1,"100,900","42,493",7,"39,741","2,859",0,0,0,0,0,00:00:19,00:36:42
,,,07/05/2026,Qui,Tripaloska,4,4,1,"200,000","202,400",32,"183,600","13,821","4,900,000",0,0,0,0,00:01:27,00:35:34
,,,07/05/2026,Qui,Azly,6,4,2,"164,200","118,100",20,"88,086","7,508","2,700,000",0,0,0,0,00:03:48,00:33:13
,,,07/05/2026,Qui,Illumi,2,4,1,"68,970","130,300",7,"111,500","12,864","6,200,000",0,0,0,0,00:01:58,00:35:03
,,,07/05/2026,Qui,Mayke,0,3,0,"1,573","104,300",1,"80,361","564,700","134,600",0,0,0,0,00:01:13,00:35:48
,,,07/05/2026,Qui,Arquitorto,2,3,1,"139,900","190,200",22,"189,900","20,365","2,600,000",0,0,0,2,00:01:09,00:35:52
,,,07/05/2026,Qui,Spots,0,0,0,681,11,48,0,"2,682","7,016",0,0,0,0,00:00:00,00:37:01
T3,Edania,PARTICIPAÇÃO,08/05/2026,Sex,SkySlater,13,16,2,"453,400","336,500",74,"191,400","21,576",0,0,0,0,0,00:05:48,00:19:40
,,,08/05/2026,Sex,Kosh,15,19,4,"411,100","419,800",95,"201,600","16,319","75,284",0,0,0,0,00:07:17,00:18:11
,,,08/05/2026,Sex,Anthropos,7,12,1,"404,000","227,100",66,"104,200","12,327","281,700",0,0,0,0,00:05:36,00:19:52
,,,08/05/2026,Sex,Tripaloska,12,11,2,"498,200","338,600",31,"255,400","150,500","7,300,000",0,0,0,2,00:03:54,00:21:34
,,,08/05/2026,Sex,Whiskeys,3,21,1,"139,700","363,800",7,"123,600","51,759","2,900,000",0,0,0,0,00:07:39,00:17:49
,,,08/05/2026,Sex,Kordri,7,11,1,"121,900","293,200",15,"219,100","219,600","2,700,000",0,0,0,2,00:03:37,00:21:51
,,,08/05/2026,Sex,Veigan,0,11,0,"55,856","259,400",12,"106,200","55,136","432,300",0,0,0,0,00:03:25,00:22:03
,,,08/05/2026,Sex,Likimo,32,11,4,"775,500","359,300",64,"236,800","24,416","8,000,000",0,0,0,0,00:04:13,00:21:15
,,,08/05/2026,Sex,Vitiin,34,12,6,"654,300","305,100",43,"181,900","17,018","3,500,000",0,0,0,0,00:03:57,00:21:31
,,,08/05/2026,Sex,Illumi,5,10,1,"134,000","343,500",24,"263,500","44,898","2,600,000",0,0,0,0,00:03:21,00:22:07
,,,08/05/2026,Sex,Azly,10,12,3,"304,800","336,300",20,"187,900","16,000","11,000,000",0,0,0,0,00:05:10,00:20:18
,,,08/05/2026,Sex,SsFenixsS,1,12,1,"35,482","320,300",7,"187,700","21,082","1,800,000",0,0,0,0,00:04:44,00:20:44
,,,08/05/2026,Sex,Urahara,0,10,0,"31,239","191,800",3,"62,672","12,592","420,500",0,0,0,0,00:03:29,00:21:59
,,,08/05/2026,Sex,Hrodrich,7,10,1,"251,000","296,900",25,"171,000","169,500","3,400,000",0,0,0,0,00:03:20,00:22:08
,,,08/05/2026,Sex,ZeRoBlacKOuT,4,10,2,"186,200","233,200",7,"124,300","33,466","2,200,000",0,0,0,0,00:03:43,00:21:45
,,,08/05/2026,Sex,MitinGOD,3,6,1,"108,900","257,100",12,"192,000","12,222","1,000,000",0,0,0,0,00:02:10,00:23:18
,,,08/05/2026,Sex,Desecrate,5,2,2,712,"55,055",406,"38,236","2,371","2,142",0,0,0,1,00:00:29,00:24:59
,,,08/05/2026,Sex,Japah,0,2,0,"11,796","170,500",7,"157,800","23,598","19,818",0,0,0,1,00:00:50,00:24:38
,,,08/05/2026,Sex,Haro33,19,12,2,"593,200","275,800",45,"180,100","19,954","7,600,000",0,0,0,0,00:04:09,00:21:19
,,,08/05/2026,Sex,PAULAOl,33,7,4,"840,800","303,500",50,"233,500","94,489","6,900,000",0,0,0,0,00:02:35,00:22:53
,,,08/05/2026,Sex,LinnWatts,3,8,1,"109,800","148,000",105,"60,592","9,782","3,300,000",251,0,250,0,00:02:39,00:22:49
,,,08/05/2026,Sex,Mayke,0,7,0,"1,715","319,000",12,"235,100","946,500",0,0,0,0,0,00:02:35,00:22:53
,,,08/05/2026,Sex,Honsberg,0,9,0,"4,027","269,900",10,"164,300","654,400","26,876",0,0,0,0,00:03:08,00:22:20
,,,08/05/2026,Sex,Goushin,12,13,4,"407,500","325,900",36,"155,900","81,512","630,000",0,0,0,0,00:04:07,00:21:21
,,,08/05/2026,Sex,Arquitorto,2,13,1,"90,605","407,200",15,"255,900","40,758","1,900,000",0,0,0,1,00:04:29,00:20:59
,,,08/05/2026,Sex,OPeres,2,13,1,"132,400","426,800",8,"247,500","24,984","1,100,000",0,0,0,0,00:04:39,00:20:49
,,,08/05/2026,Sex,MoicaSlip,3,16,1,"152,500","392,400",11,"256,200","52,582","5,300,000",0,0,0,3,00:06:03,00:19:25
,,,08/05/2026,Sex,Tdz1,11,16,3,"316,900","430,400",30,"263,200","29,377","5,200,000",0,0,0,0,00:04:39,00:20:49
,,,08/05/2026,Sex,TiuPita,11,15,1,"438,900","391,000",41,"224,500","35,157","723,300",0,0,0,0,00:05:44,00:19:44
,,,08/05/2026,Sex,GhostFarmer,7,15,2,"208,400","462,900",33,"334,500","96,041","4,700,000",0,0,0,0,00:04:57,00:20:31
,,,08/05/2026,Sex,AlmeidaS,1,17,1,"16,463","387,500",7,"200,600","27,636","1,100,000",0,0,0,0,00:06:22,00:18:56
,,,08/05/2026,Sex,Ghunts,4,18,3,"135,500","368,200",9,"137,600","17,149","1,900,000",0,0,0,0,00:06:30,00:18:58
,,,08/05/2026,Sex,Sylar,11,17,3,"335,200","319,800",28,"129,700","18,000","2,400,000",0,0,0,0,00:06:29,00:18:59
,,,08/05/2026,Sex,ANF,2,21,1,"71,668","503,600",78,"194,500","52,753","42,510",0,0,0,0,00:07:25,00:18:03
,,,08/05/2026,Sex,Abeguar,7,18,2,"189,600","387,900",20,"173,600","21,485","1,400,000",0,0,0,3,00:06:40,00:18:48
,,,08/05/2026,Sex,Spots,3,1,2,0,"12,048",58,"10,803",635,0,0,0,0,0,00:00:12,00:25:16
,,,08/05/2026,Sex,Strongszoldkz,12,15,3,"366,500","267,000",19,"140,100","12,755","8,600,000",0,0,0,0,00:05:24,00:20:04
,,,08/05/2026,Sex,Henkkai,4,14,1,"174,100","361,800",24,"225,200","39,612","1,800,000",0,0,0,0,00:05:10,00:20:18
,,,08/05/2026,Sex,Kvaratskhelia7,30,14,4,"1,000,000","399,200",46,"221,100","33,192","9,200,000",0,0,0,0,00:04:31,00:20:57
,,,08/05/2026,Sex,Denzell,12,14,3,"356,800","497,200",34,"292,100","24,485","3,500,000",0,0,0,0,00:05:09,00:20:19
,,,08/05/2026,Sex,DEC,5,14,1,"123,600","342,300",16,"195,800","30,580","1,800,000",0,0,0,0,00:05:26,00:20:02
,,,08/05/2026,Sex,Sif,2,15,1,"80,371","421,500",21,"239,300","177,800","4,100,000",0,0,0,2,00:05:35,00:19:53
,,,08/05/2026,Sex,DrGabrielDr,11,14,2,"205,400","385,700",16,"220,200","67,637","5,400,000",0,0,0,0,00:04:36,00:20:52
,,,08/05/2026,Sex,Venus,1,14,1,"112,200","237,900",10,"85,493","8,589","651,000",0,0,0,0,00:05:40,00:19:48
,,,08/05/2026,Sex,BloodAxe,0,14,0,"55,821","467,100",38,"373,600","107,100","228,600",0,0,0,0,00:04:54,00:20:34
,,,08/05/2026,Sex,Slow,9,14,3,"306,800","252,400",50,"105,500","12,280",0,0,0,0,0,00:06:55,00:18:33
,,,08/05/2026,Sex,CorvoNegroo,0,0,0,0,0,0,0,0,0,0,0,0,0,00:00:00,00:25:28
T2,Calpheon,PARTICIPAÇÃO,10/05/2026,Dom,ANF,6,48,3,"425,700","770,900",121,"311,900","82,512","404,900",0,0,0,1,00:21:36,00:30:21
,,,10/05/2026,Dom,Portela,9,22,1,"360,800","542,000",56,"314,300","38,349","2,700,000",0,0,0,0,00:11:42,00:40:15
,,,10/05/2026,Dom,TioTed,1,22,1,"9,313","399,500",4,"164,700","413,900",0,0,0,0,0,00:15:01,00:36:56
,,,10/05/2026,Dom,Tdz1,27,23,3,"721,400","700,800",47,"532,100","84,006","1,700,000",0,0,0,0,00:10:04,00:41:53
,,,10/05/2026,Dom,Mayke,6,25,1,"276,500","557,200",20,"304,300","42,311","15,950",0,0,0,1,00:13:54,00:38:03
,,,10/05/2026,Dom,Likimo,45,24,13,"1,500,000","554,600",189,"312,900","42,672","4,200,000",0,0,0,0,00:13:02,00:38:55
,,,10/05/2026,Dom,Slow,15,25,2,"711,800","550,400",182,"355,800","43,564",0,0,0,0,0,00:11:33,00:40:24
,,,10/05/2026,Dom,Jdiew,24,20,3,"599,400","521,200",62,"351,100","39,580","218,200",0,0,0,0,00:10:38,00:41:19
,,,10/05/2026,Dom,Strongszoldkz,42,19,3,"1,200,000","548,700",87,"396,900","46,395","5,700,000",0,0,0,0,00:08:38,00:43:19
,,,10/05/2026,Dom,Kvaratskhelia7,4,8,1,"199,900","161,200",19,"826,600","11,060","98,386",0,0,0,0,00:41:11,00:10:46
,,,10/05/2026,Dom,Goushin,16,20,1,"448,700","525,300",38,"344,900","97,055","1,900,000",0,0,0,1,00:10:47,00:41:10
,,,10/05/2026,Dom,OxiTo,21,14,4,"451,500","527,200",70,"461,100","62,025","1,000,000",0,0,0,3,00:09:05,00:42:52
,,,10/05/2026,Dom,Venus,8,19,2,"206,700","401,900",16,"192,400","27,252","281,700",0,0,0,0,00:09:53,00:42:04
,,,10/05/2026,Dom,Haro33,44,16,3,"714,700","477,100",60,"325,600","40,348","1,900,000",0,0,0,0,00:07:42,00:44:15
,,,10/05/2026,Dom,Abeguar,9,7,2,"10,219","107,200",487,"32,993","8,792",714,0,0,0,0,00:03:36,00:48:21
,,,10/05/2026,Dom,Illumi,13,26,2,"484,900","674,000",99,"496,100","83,856","4,200,000",0,0,0,0,00:12:39,00:39:18
,,,10/05/2026,Dom,Azly,20,28,3,"846,100","589,500",108,"299,100","43,989","4,100,000",0,0,0,0,00:15:23,00:36:34
,,,10/05/2026,Dom,XxGILxx,7,33,2,"235,100","599,200",18,"263,400","105,600","1,000,000",0,0,0,0,00:15:05,00:36:52
,,,10/05/2026,Dom,GhostFarmer,15,33,2,"652,400","752,400",93,"487,400","96,897","914,500",0,0,0,4,00:17:58,00:33:59
,,,10/05/2026,Dom,Hauks,1,33,1,"29,829","539,600",23,"196,500","549,800","135,300",0,0,0,0,00:22:08,00:29:49
,,,10/05/2026,Dom,Kosh,28,42,4,"1,000,000","778,400",204,"406,000","63,345","72,850",0,0,0,0,00:19:37,00:32:20
,,,10/05/2026,Dom,BloodAxe,19,37,2,"616,500","787,300",102,"458,500","75,074","1,400,000",0,0,0,0,00:16:19,00:35:38
,,,10/05/2026,Dom,Tripaloska,24,26,3,"861,700","783,000",136,"554,300","69,958","6,400,000",0,0,0,0,00:13:59,00:37:58
,,,10/05/2026,Dom,Infa,60,32,5,"1,700,000","715,300",352,"462,500","73,103",0,0,0,0,0,00:14:05,00:37:52
,,,10/05/2026,Dom,DEC,10,31,3,"260,800","613,900",43,"363,300","82,830","1,500,000",0,0,0,0,00:20:09,00:31:48
,,,10/05/2026,Dom,Denzell,22,28,2,"721,000","717,100",144,"460,300","56,629","1,500,000",0,0,0,0,00:13:20,00:38:37
,,,10/05/2026,Dom,MoicaSlip,15,31,2,"532,300","691,900",66,"410,000","64,916","4,100,000",0,0,0,4,00:14:55,00:37:02
,,,10/05/2026,Dom,Japah,6,29,2,"284,600","567,900",49,"322,600","58,923","1,200,000",0,0,0,1,00:15:15,00:36:42
,,,10/05/2026,Dom,ViTaoX,15,30,2,"654,700","704,100",106,"440,000","70,070","1,000,000",0,0,0,2,00:13:53,00:38:04
,,,10/05/2026,Dom,Spots,14,7,3,"6,473","85,751",199,"27,402","12,271",0,0,0,0,0,00:04:16,00:47:41
T2,Ulukita,VITÓRIA,11/05/2026,Seg,Slow,14,5,2,"322,200","206,500",49,"170,900","14,511","3,600,000",0,0,0,0,00:01:55,00:19:06
,,,11/05/2026,Seg,GhostFarmer,8,9,1,"249,900","288,700",41,"272,100","23,124","3,000,000",0,0,0,0,00:00:00,00:00:00
,,,11/05/2026,Seg,Likimo,18,6,2,"596,700","213,600",64,"173,500","15,761","10,800,000",0,0,0,0,00:01:55,00:19:06
,,,11/05/2026,Seg,XxGILxx,8,9,2,"154,700","177,200",22,"121,500","47,491","4,800,000",0,0,0,0,00:02:45,00:18:16
,,,11/05/2026,Seg,Infa,25,10,6,"583,200","236,700",109,"144,200","21,325","516,300",0,0,0,0,00:03:09,00:17:52
,,,11/05/2026,Seg,TiuPita,22,2,6,"469,000","211,700",66,"214,000","17,525","1,500,000",0,0,0,0,00:00:41,00:20:20
,,,11/05/2026,Seg,Japah,1,4,1,"92,834","150,200",4,"128,700","9,740","137,900",0,0,0,0,00:00:00,00:00:00
,,,11/05/2026,Seg,Jdiew,23,6,3,"320,600","214,300",37,"174,800","11,684","1,300,000",0,0,0,0,00:00:00,00:00:00
,,,11/05/2026,Seg,ANF,7,15,1,"186,800","331,800",40,"225,100","24,093","2,800,000",0,0,0,0,00:00:00,00:00:00
,,,11/05/2026,Seg,Tdz1,20,5,3,"419,700","298,000",31,"294,200","29,916","1,500,000",0,0,0,0,00:01:25,00:19:36
,,,11/05/2026,Seg,Strongszoldkz,23,3,4,"496,800","190,300",48,"172,300","16,612","11,300,000",0,0,0,0,00:00:47,00:20:14
,,,11/05/2026,Seg,MitinGOD,5,4,3,"262,900","150,000",27,"112,500","9,933","1,300,000",0,0,0,0,00:01:06,00:19:55
,,,11/05/2026,Seg,PAULAOl,28,3,7,"605,700","183,400",58,"174,400","29,594","5,400,000",0,0,0,0,00:00:56,00:20:05
,,,11/05/2026,Seg,CorvoNegroo,11,6,3,"201,600","206,700",31,"155,900","14,208",0,0,0,0,0,00:05:03,00:15:58
,,,11/05/2026,Seg,LinnWatts,4,8,2,"205,300","120,800",60,"41,952","7,682","955,800",58,0,154,0,00:00:00,00:00:00
,,,11/05/2026,Seg,DEC,3,9,2,"157,100","250,000",21,"221,500","20,951","3,900,000",0,0,0,0,00:03:12,00:17:49
,,,11/05/2026,Seg,ViTaoX,9,12,2,"188,000","275,800",30,"184,500","22,587","3,400,000",0,0,0,0,00:00:00,00:00:00
,,,11/05/2026,Seg,Hauks,0,13,0,"14,459","264,600",14,"136,600","170,900","612,000",0,0,0,0,00:00:00,00:00:00
,,,11/05/2026,Seg,Portela,13,7,4,"211,300","173,800",37,"109,700","12,950","5,900,000",0,0,0,1,00:02:18,00:18:43
,,,11/05/2026,Seg,Azly,17,11,5,"273,200","203,600",43,"94,791","11,450","5,600,000",0,0,0,0,00:00:00,00:00:00
,,,11/05/2026,Seg,BloodAxe,7,10,2,"228,600","215,700",52,"149,300","20,877","4,200,000",0,0,0,1,00:03:40,00:17:21
,,,11/05/2026,Seg,Severoz,5,10,2,"171,000","266,800",12,"182,800","23,943","837,300",0,0,0,0,00:00:00,00:00:00
,,,11/05/2026,Seg,Spots,3,9,1,"116,400","226,300",13,"159,900","15,579","3,800,000",0,0,0,0,00:00:00,00:00:00
,,,11/05/2026,Seg,Mayke,2,1,1,"21,837","65,992",22,"59,085","2,496",0,0,0,0,2,00:00:10,00:20:51
T2,Ulukita,VITÓRIA,12/05/2026,Ter,Tripaloska,23,13,3,"708,000","484,500",101,"388,300","33,878","1,400,000",0,0,0,0,00:05:02,00:30:14
,,,12/05/2026,Ter,Slow,11,18,3,"275,100","380,300",45,"224,100","24,754",0,0,0,0,0,00:11:20,00:23:56
,,,12/05/2026,Ter,Goushin,12,9,2,"262,300","330,600",25,"265,700","112,500","5,900,000",0,0,0,0,00:00:00,00:00:00
,,,12/05/2026,Ter,Tdz1,28,10,4,"580,100","423,400",44,"378,200","43,632","4,100,000",0,0,0,0,00:00:00,00:00:00
,,,12/05/2026,Ter,Illumi,26,10,4,"520,200","365,100",88,"333,400","40,598","1,700,000",0,0,0,0,00:03:44,01:31:32
,,,12/05/2026,Ter,GhostFarmer,23,13,4,"297,700","501,600",53,"418,300","46,417","5,900,000",0,0,0,0,00:05:04,00:30:12
,,,12/05/2026,Ter,Likimo,50,13,7,"1,100,000","401,700",117,"279,300","50,836","18,300,000",0,0,0,0,00:04:32,00:30:44
,,,12/05/2026,Ter,Kosh,31,12,9,"803,300","492,200",141,"414,400","35,013",0,0,0,0,0,00:04:44,00:30:32
,,,12/05/2026,Ter,Valladao,7,15,2,"122,600","356,600",21,"225,300","86,224","3,200,000",0,0,0,2,00:00:00,00:00:00
,,,12/05/2026,Ter,Infa,36,17,7,"1,000,000","424,700",188,"325,600","35,224","486,500",0,0,0,0,00:06:43,00:28:33
,,,12/05/2026,Ter,CorvoNegroo,19,11,2,"529,000","368,500",80,"287,800","28,021","293,300",0,0,0,0,00:03:53,00:31:23
,,,12/05/2026,Ter,Japah,0,7,0,"67,069","208,000",7,"154,300","14,748","386,000",0,0,0,2,00:03:58,00:31:18
,,,12/05/2026,Ter,OxiTo,21,6,2,"241,200","321,800",46,"304,600","34,810","6,300,000",0,0,0,0,00:00:00,00:00:00
,,,12/05/2026,Ter,ExtincT,16,7,2,"495,500","370,500",33,"329,600","33,798","4,600,000",0,0,0,1,00:00:00,00:00:00
,,,12/05/2026,Ter,ANF,6,24,3,"252,600","430,900",71,"225,000","41,334","3,500,000",0,0,0,1,00:00:00,00:00:00
,,,12/05/2026,Ter,PAULAOl,38,5,6,"1,000,000","305,000",121,"291,500","97,068","10,400,000",0,0,0,0,00:01:48,00:33:28
,,,12/05/2026,Ter,BloodAxe,14,16,3,"310,900","452,900",54,"335,400","37,148","5,100,000",0,0,0,1,00:00:00,00:00:00
,,,12/05/2026,Ter,Honsberg,1,20,1,"49,444","375,700",26,"169,000","347,900",0,0,0,0,3,00:08:45,00:26:31
,,,12/05/2026,Ter,Kordri,16,12,2,"401,600","354,500",36,"268,100","43,822","5,700,000",0,0,0,1,00:00:00,00:00:00
,,,12/05/2026,Ter,DEC,15,14,2,"241,800","364,800",29,"244,600","32,888","4,700,000",0,0,0,0,00:00:00,00:00:00
,,,12/05/2026,Ter,ViTaoX,16,14,2,"378,800","395,400",74,"301,700","38,689","2,200,000",0,0,0,1,00:05:55,00:29:21
,,,12/05/2026,Ter,Azly,11,14,3,"369,400","333,600",44,"226,800","23,542","11,800,000",0,0,0,0,00:00:00,00:00:00
,,,12/05/2026,Ter,Mayke,1,2,1,985,"25,618",52,"10,607","2,491",0,0,0,0,0,00:00:27,00:34:49
T2,Calpheon,VITÓRIA,14/05/2026,Qui,Strongszoldkz,27,15,4,"903,500","495,200",57,"348,900","50,967","22,700,000",0,0,0,0,00:06:23,00:40:56
,,,14/05/2026,Qui,ANF,7,37,2,"397,700","766,500",94,"354,500","62,615","4,300,000",0,0,0,0,00:15:56,00:31:23
,,,14/05/2026,Qui,LinnWatts,3,16,1,"280,600","298,700",132,"120,100","25,729","1,500,000",299,0,362,2,00:08:34,00:38:45
,,,14/05/2026,Qui,OPeres,5,19,1,"402,000","648,500",43,"435,500","52,415","5,400,000",0,0,0,0,00:11:54,00:35:25
,,,14/05/2026,Qui,Likimo,39,19,5,"1,200,000","631,200",121,"419,200","57,726","32,200,000",0,0,0,0,00:08:26,00:38:53
,,,14/05/2026,Qui,Tdz1,24,20,3,"668,600","654,900",41,"432,900","71,262","8,500,000",0,0,0,0,00:08:56,00:38:23
,,,14/05/2026,Qui,Pium,5,16,1,"265,100","517,300",32,"341,200","49,924","5,700,000",0,0,0,0,00:10:17,00:37:02
,,,14/05/2026,Qui,PAULAOl,43,12,3,"1,400,000","595,200",141,"457,100","142,000","20,700,000",0,0,0,0,00:05:21,00:41:58
,,,14/05/2026,Qui,Haro33,23,16,3,"646,300","484,200",51,"302,700","40,564","27,700,000",0,0,0,0,00:06:37,00:40:42
,,,14/05/2026,Qui,TiuPita,15,9,4,"659,100","585,900",76,"482,500","45,786",0,0,0,0,0,00:04:01,00:43:18
,,,14/05/2026,Qui,Jdiew,34,9,3,"1,000,000","533,100",109,"426,900","42,369","1,500,000",0,0,0,0,00:03:14,00:44:05
,,,14/05/2026,Qui,Kosh,17,21,2,"637,300","535,000",124,"302,500","42,635",0,0,0,0,0,00:09:14,00:38:05
,,,14/05/2026,Qui,Azly,19,22,3,"513,400","572,900",59,"309,700","41,965","24,300,000",0,0,0,0,00:15:38,00:31:41
,,,14/05/2026,Qui,GhostFarmer,12,31,2,"471,400","790,000",81,"440,000","73,263","6,300,000",0,0,0,3,00:14:20,00:32:59
,,,14/05/2026,Qui,SsFenixsS,1,31,1,"1,089","487,300",3,"157,000","400,400","5,653",0,0,0,0,00:14:51,00:32:28
,,,14/05/2026,Qui,XxGILxx,4,32,1,"166,800","624,300",21,"259,400","349,600","10,700,000",0,0,0,0,00:14:32,00:32:47
,,,14/05/2026,Qui,CBUM,4,22,1,"243,100","471,100",17,"222,800","29,323",0,0,0,0,0,00:11:55,00:35:24
,,,14/05/2026,Qui,Atomica,8,28,1,"201,400","570,500",9,"253,100","42,211","6,100,000",0,0,0,0,00:12:09,00:35:10
,,,14/05/2026,Qui,YANKEES,6,27,2,"235,300","597,000",16,"290,000","48,800","2,900,000",0,0,0,0,00:11:49,00:35:30
,,,14/05/2026,Qui,Honsberg,1,28,1,"42,087","533,100",15,"206,000","389,900",0,0,0,0,2,00:12:43,00:34:36
,,,14/05/2026,Qui,Tripaloska,23,23,3,"882,200","911,400",162,"641,800","69,214","20,800,000",0,0,0,0,00:10:30,00:36:49
,,,14/05/2026,Qui,ViTaoX,13,25,2,"521,100","699,500",87,"420,000","63,184","9,700,000",0,0,0,0,00:12:16,00:35:03
,,,14/05/2026,Qui,Mayke,1,0,1,"170,300","15,743",88,"14,224",765,0,0,0,0,0,00:00:00,00:47:19
T2,Calpheon,PARTICIPAÇÃO,15/05/2026,Sex,Anthropos,12,15,3,"585,400","431,900",118,"264,400","35,209","1,100,000",0,0,0,1,00:07:36,00:41:38
,,,15/05/2026,Sex,TiuPita,27,14,4,"772,200","531,400",101,"373,300","54,906","403,200",0,0,0,2,00:06:58,00:42:16
,,,15/05/2026,Sex,LinnWatts,6,16,1,"271,900","365,900",254,"186,100","26,941","1,900,000",372,0,192,0,00:06:53,00:42:21
,,,15/05/2026,Sex,Azly,12,35,4,"627,700","640,600",70,"248,600","48,057","7,100,000",0,0,0,0,00:20:53,00:28:21
,,,15/05/2026,Sex,Hrodrich,21,16,4,"550,800","582,100",50,"339,400","133,700","3,200,000",0,0,0,0,00:08:00,00:41:14
,,,15/05/2026,Sex,Kolicheva,5,18,1,"102,200","619,500",14,"375,200","976,500","243,300",0,0,0,0,00:07:03,00:42:11
,,,15/05/2026,Sex,Goushin,15,17,2,"561,100","583,100",54,"383,500","115,100","3,300,000",0,0,0,0,00:07:30,00:41:44
,,,15/05/2026,Sex,Yufine,11,18,3,"321,600","507,600",45,"286,000","38,500","2,500,000",0,0,0,4,00:11:16,00:37:58
,,,15/05/2026,Sex,CorvoNegroo,20,15,2,"749,600","627,300",130,"454,400","49,784","1,400,000",0,0,0,0,00:06:32,00:42:42
,,,15/05/2026,Sex,KIDISGRAMA,2,15,1,"21,588","521,200",3,"312,200","1,000,000","73,031",0,0,0,0,00:07:00,00:42:14
,,,15/05/2026,Sex,Strongszoldkz,43,13,5,"1,100,000","540,600",75,"401,200","52,827","10,300,000",0,0,0,0,00:05:11,00:44:03
,,,15/05/2026,Sex,OxiTo,31,11,3,"539,700","647,300",81,"502,700","82,393","3,900,000",0,0,0,0,00:04:51,00:44:23
,,,15/05/2026,Sex,Kvaratskhelia7,40,19,5,"1,200,000","697,700",66,"481,500","77,100","9,700,000",0,0,0,0,00:08:54,00:40:20
,,,15/05/2026,Sex,Vitiin,69,11,9,"1,300,000","415,100",112,"283,900","67,855","12,200,000",0,0,0,0,00:04:46,00:44:28
,,,15/05/2026,Sex,Pium,18,13,2,"429,400","519,100",45,"367,800","49,107","1,300,000",0,0,0,0,00:09:50,00:39:24
,,,15/05/2026,Sex,Haro33,39,11,4,"1,100,000","543,700",77,"409,900","52,265","15,000,000",0,0,0,0,00:05:06,00:44:08
,,,15/05/2026,Sex,Mayke,3,10,1,"105,600","256,800",32,"134,200","17,596","200,700",0,0,0,0,00:03:28,00:45:46
,,,15/05/2026,Sex,Illumi,20,20,3,"609,400","745,200",131,"532,300","92,338","3,700,000",0,0,0,0,00:09:00,00:40:14
,,,15/05/2026,Sex,ExtincT,25,22,3,"801,500","630,300",57,"378,400","54,606","2,500,000",0,0,0,0,00:09:51,00:39:23
,,,15/05/2026,Sex,BloodAxe,29,29,7,"512,500","743,400",84,"403,300","73,579","4,700,000",0,0,0,0,00:12:44,00:36:30
,,,15/05/2026,Sex,Tripaloska,31,29,2,"1,000,000","910,100",154,"573,000","147,700","13,000,000",0,0,0,0,00:13:28,00:35:46
,,,15/05/2026,Sex,DEC,11,28,2,"365,000","682,800",55,"353,400","75,673","4,500,000",0,0,0,0,00:16:09,00:33:05
,,,15/05/2026,Sex,XxGILxx,4,34,1,"235,200","611,700",22,"227,500","221,400","5,300,000",0,0,0,0,00:15:03,00:34:11
,,,15/05/2026,Sex,ViTaoX,13,35,2,"529,900","821,900",83,"429,900","77,412","7,400,000",0,0,0,0,00:16:11,00:33:03
,,,15/05/2026,Sex,Ghunts,13,34,3,"405,800","730,700",50,"326,200","65,088","5,300,000",0,0,0,0,00:16:14,00:33:00
,,,15/05/2026,Sex,Denzell,26,21,4,"595,800","651,300",94,"412,100","58,460","5,200,000",0,0,0,0,00:09:19,00:39:55
,,,15/05/2026,Sex,Valladao,8,28,2,"216,900","627,600",44,"295,900","219,000","2,200,000",0,0,0,1,00:15:58,00:33:16
,,,15/05/2026,Sex,Whiskeys,8,26,2,"242,300","584,000",22,"289,400","137,400","4,300,000",0,0,0,0,00:11:16,00:37:58
,,,15/05/2026,Sex,Atomica,8,24,2,"304,100","601,200",12,"315,800","49,685","3,500,000",0,0,0,0,00:10:16,00:38:58
,,,15/05/2026,Sex,Japah,9,24,2,"274,600","533,400",36,"257,500","57,139","2,400,000",0,0,0,0,00:14:53,00:34:21
,,,15/05/2026,Sex,GhostFarmer,19,28,2,"760,200","901,000",98,"574,500","95,728","7,200,000",0,0,0,0,00:12:11,00:37:03
,,,15/05/2026,Sex,Urahara,15,25,2,"297,400","606,200",18,"315,200","58,878","4,300,000",0,0,0,0,00:10:55,00:38:19
,,,15/05/2026,Sex,Honsberg,1,26,1,"64,867","517,200",25,"211,700","261,800","72,556",0,0,0,1,00:12:28,00:36:46
,,,15/05/2026,Sex,Arquitorto,10,25,2,"495,100","874,800",59,"570,200","88,887","5,700,000",0,0,0,1,00:10:59,00:38:15
,,,15/05/2026,Sex,Venus,7,10,1,"369,800","318,400",34,"192,900","25,672","3,000,000",0,0,0,0,00:04:13,00:45:01
T2,Ulukita,VITÓRIA,17/05/2026,Dom,CorvoNegroo,12,15,2,"630,200","597,200",80,"419,400","43,343","995,100",0,0,0,0,00:05:36,00:35:12
,,,17/05/2026,Dom,Anthropos,11,19,2,"546,000","432,100",103,"217,100","33,503","504,200",0,0,0,0,00:10:06,00:30:42
,,,17/05/2026,Dom,GhostFarmer,21,29,5,"637,400","749,600",111,"426,200","70,886","6,600,000",0,0,0,0,00:12:10,00:28:38
,,,17/05/2026,Dom,Portela,13,14,2,"424,800","424,400",35,"250,100","33,130","13,800,000",0,0,0,0,00:05:31,00:35:17
,,,17/05/2026,Dom,ANF,17,40,3,"507,500","788,400",117,"344,100","68,544","3,500,000",0,0,0,0,00:17:12,00:23:36
,,,17/05/2026,Dom,OPeres,15,17,2,"498,900","610,800",85,"410,800","52,429","2,400,000",0,0,0,0,00:12:11,00:28:37
,,,17/05/2026,Dom,Tdz1,24,17,3,"739,200","685,000",57,"489,700","56,189","1,800,000",0,0,0,0,00:07:16,00:33:32
,,,17/05/2026,Dom,Strongszoldkz,28,14,3,"960,000","495,800",87,"350,900","35,583","14,900,000",0,0,0,0,00:05:25,00:35:23
,,,17/05/2026,Dom,Denzell,18,17,2,"730,600","623,100",118,"426,900","47,032","2,500,000",0,0,0,0,00:08:00,00:32:48
,,,17/05/2026,Dom,Kordri,15,14,3,"514,700","585,700",54,"434,600","52,056","4,900,000",0,0,0,0,00:07:48,00:33:00
,,,17/05/2026,Dom,Venus,15,12,4,"450,300","354,400",42,"205,300","20,561","3,700,000",0,0,0,0,00:05:56,00:34:52
,,,17/05/2026,Dom,LinnWatts,0,6,0,"109,500","168,900",104,"102,200","12,137","331,300",413,0,296,2,00:02:08,00:38:40
,,,17/05/2026,Dom,Vitiin,42,14,6,"962,100","433,500",96,"273,000","32,429","13,700,000",0,0,0,0,00:05:49,00:34:59
,,,17/05/2026,Dom,PAULAOl,64,9,6,"1,600,000","553,300",148,"442,500","86,811","13,900,000",0,0,0,0,00:21:51,00:37:57
,,,17/05/2026,Dom,Haro33,34,11,4,"859,800","463,800",65,"339,700","308,800","10,600,000",0,0,0,0,00:03:51,00:36:57
,,,17/05/2026,Dom,OxiTo,18,10,2,"356,000","555,000",67,"440,400","51,606","2,200,000",0,0,0,0,00:04:44,00:36:04
,,,17/05/2026,Dom,Likimo,76,18,11,"1,500,000","585,300",179,"375,500","41,554","17,500,000",0,0,0,0,00:06:56,00:33:52
,,,17/05/2026,Dom,BloodAxe,16,18,4,"551,300","622,400",111,"417,100","49,867","3,400,000",0,0,0,0,00:08:08,00:32:40
,,,17/05/2026,Dom,KIDISGRAMA,0,19,0,"34,137","553,600",3,"304,600","958,800","531,100",0,0,0,6,00:08:33,00:32:15
,,,17/05/2026,Dom,Kosh,44,27,3,"1,400,000","779,900",240,"468,800","51,819","19,578",0,0,0,0,00:12:23,00:28:25
,,,17/05/2026,Dom,Slow,18,25,3,"739,100","569,100",125,"294,400","38,775",0,0,0,0,0,00:13:06,00:27:42
,,,17/05/2026,Dom,ViTaoX,6,28,1,"750,400","737,500",135,"422,600","61,836","5,700,000",0,0,0,0,00:12:30,00:28:18
,,,17/05/2026,Dom,Abeguar,12,33,2,"308,500","603,300",26,"231,000","46,147","3,700,000",0,0,0,0,00:16:35,00:24:13
,,,17/05/2026,Dom,Hauks,1,32,1,"37,694","586,300",21,"213,200","366,800","59,232",0,0,0,0,00:15:41,00:25:07
,,,17/05/2026,Dom,Japah,16,2,2,"464,700","37,540",561,"17,557","17,034","6,914",0,0,0,0,00:00:26,00:40:22
,,,17/05/2026,Dom,Infa,30,25,5,"943,100","569,600",183,"290,500","46,237","434,400",0,0,0,0,00:12:20,00:28:28
,,,17/05/2026,Dom,Goushin,10,22,3,"389,200","554,100",44,"308,800","118,700","5,600,000",0,0,0,0,00:10:16,00:30:32
,,,17/05/2026,Dom,Tripaloska,20,20,2,"897,500","694,500",130,"464,700","83,188","757,200",0,0,0,0,00:07:48,00:33:00
,,,17/05/2026,Dom,Azly,23,22,5,"602,200","551,100",49,"294,500","35,817","16,900,000",0,0,0,0,00:12:44,00:28:08
,,,17/05/2026,Dom,Mayke,0,21,0,504,"531,200",4,"270,700","928,200","15,762",0,0,0,0,00:09:20,00:31:28
,,,17/05/2026,Dom,DEC,14,21,2,"374,800","597,500",41,"351,100","56,048","4,400,000",0,0,0,0,00:13:49,00:26:59
,,,17/05/2026,Dom,Spots,7,1,2,"255,300","18,726",124,"9,169","36,427",0,0,0,0,0,00:00:16,00:40:32
T2,Ulukita,PARTICIPAÇÃO,18/05/2026,Seg,LinnWatts,0,18,0,"210,900","349,100",124,"152,400","24,560","690,800",301,0,262,5,00:08:41,00:39:35
,,,18/05/2026,Seg,TiuPita,15,16,2,"758,100","642,200",100,"462,500","55,413",0,0,0,0,0,00:06:30,00:41:46
,,,18/05/2026,Seg,Strongszoldkz,27,21,5,"831,200","575,400",77,"360,800","48,179","12,700,000",0,0,0,0,00:08:32,00:39:44
,,,18/05/2026,Seg,Likimo,43,21,3,"1,200,000","616,400",115,"371,200","44,119","26,200,000",0,0,0,0,00:09:09,00:39:07
,,,18/05/2026,Seg,SsFenixsS,0,35,0,"1,097","535,800",2,"163,400","764,100","3,246",0,0,0,0,00:15:18,00:32:58
,,,18/05/2026,Seg,Tdz1,28,21,5,"764,400","770,800",52,"536,600","74,675","10,100,000",0,0,0,0,00:09:07,00:39:09
,,,18/05/2026,Seg,ROXXON,19,21,2,"436,500","519,700",39,"266,500","34,836","19,100,000",0,0,0,0,00:09:40,00:38:36
,,,18/05/2026,Seg,Japah,3,20,1,"104,500","443,900",17,"213,500","35,435",0,0,0,0,3,00:08:51,00:39:25
,,,18/05/2026,Seg,Portela,16,19,4,"391,500","459,700",63,"244,600","29,894","17,800,000",0,0,0,7,00:07:28,00:40:48
,,,18/05/2026,Seg,Azly,17,22,3,"656,500","579,300",66,"335,100","39,292","14,600,000",0,0,0,0,00:14:37,00:33:39
,,,18/05/2026,Seg,PAULAOl,45,14,4,"1,300,000","556,700",115,"393,200","93,918","13,800,000",0,0,0,0,00:05:59,00:42:17
,,,18/05/2026,Seg,Spots,6,6,1,"243,300","67,010",98,"19,667","39,963",0,0,0,0,0,00:03:27,00:44:49
,,,18/05/2026,Seg,CBUM,5,23,2,"309,800","484,600",29,"232,500","34,406",0,0,0,0,0,00:13:13,00:35:03
,,,18/05/2026,Seg,Voltroon,12,26,1,"339,700","576,500",39,"267,800","39,352","9,900,000",0,0,0,0,00:10:28,00:37:48
,,,18/05/2026,Seg,DEC,13,34,2,"436,100","714,200",54,"330,900","65,973","3,800,000",0,0,0,0,00:15:46,00:32:30
,,,18/05/2026,Seg,Kosh,16,32,3,"902,600","688,100",173,"324,800","51,723","334,600",0,0,0,0,00:17:09,00:31:07
,,,18/05/2026,Seg,ANF,3,34,1,"361,100","727,900",87,"341,000","63,090","5,200,000",0,0,0,2,00:14:19,00:33:57
,,,18/05/2026,Seg,Hauks,2,35,1,"46,111","616,200",29,"212,000","488,600","289,800",0,0,0,0,00:17:55,00:30:21
,,,18/05/2026,Seg,Mayke,0,24,0,"2,206","549,200",4,"261,600","818,900","3,600",0,0,0,1,00:11:50,00:36:26
,,,18/05/2026,Seg,ViTaoX,16,31,4,"522,700","734,800",63,"393,000","61,516","9,100,000",0,0,0,0,00:14:39,00:33:37
,,,18/05/2026,Seg,BloodAxe,5,30,1,"370,800","704,900",75,"363,800","65,121","8,600,000",0,0,0,2,00:12:27,00:35:49
,,,18/05/2026,Seg,OPeres,11,30,3,"459,600","673,400",32,"336,900","58,665","2,700,000",0,0,0,2,00:17:21,00:30:55
,,,18/05/2026,Seg,GhostFarmer,15,26,4,"567,000","788,400",89,"478,900","81,022","5,500,000",0,0,0,3,00:12:24,00:35:52
,,,18/05/2026,Seg,KIDISGRAMA,4,28,1,"203,700","537,800",20,"208,400","329,700","4,900,000",0,0,0,3,00:12:40,00:35:36
,,,18/05/2026,Seg,OxiTo,4,4,1,"68,981","201,900",12,"156,100","22,692","2,700,000",0,0,0,0,00:02:03,00:46:13
T2,Ulukita,VITÓRIA,19/05/2026,Ter,PAULAOl,95,14,7,"1,900,000","668,100",207,"504,000","87,657","9,800,000",0,0,0,0,00:06:11,00:48:33
,,,19/05/2026,Ter,Kolicheva,17,14,2,"152,400","581,700",18,"389,200","1,000,000","569,300",0,0,0,2,00:05:47,00:48:57
,,,19/05/2026,Ter,Slow,37,24,4,"1,000,000","650,800",181,"387,300","39,501","261,100",0,0,0,0,00:11:48,00:42:56
,,,19/05/2026,Ter,Severoz,16,22,2,"640,700","761,500",74,"517,600","44,479",0,0,0,0,0,00:09:54,00:44:50
,,,19/05/2026,Ter,Portela,26,19,4,"781,300","582,300",103,"370,300","37,776","13,700,000",0,0,0,3,00:08:16,00:46:28
,,,19/05/2026,Ter,OxiTo,28,9,2,"748,400","734,900",117,"634,100","70,739","2,000,000",0,0,0,0,00:03:52,00:50:52
,,,19/05/2026,Ter,Infa,70,35,5,"1,600,000","822,600",308,"438,000","47,838","2,500,000",0,0,0,0,00:16:18,00:38:26
,,,19/05/2026,Ter,Vitiin,61,18,7,"1,100,000","592,000",127,"396,800","45,416","12,000,000",0,0,0,0,00:17:19,00:47:25
,,,19/05/2026,Ter,Kvaratskhelia7,72,17,7,"1,500,000","716,300",101,"522,600","44,807","7,400,000",0,0,0,0,00:07:00,00:47:44
,,,19/05/2026,Ter,BackAttack,19,16,2,"671,200","709,500",137,"533,600","48,517","1,700,000",0,0,0,0,00:06:58,00:47:46
,,,19/05/2026,Ter,Honsberg,5,14,1,"88,983","531,200",26,"346,700","480,400","48,341",0,0,0,10,00:06:54,00:47:50
,,,19/05/2026,Ter,Denzell,35,18,4,"893,900","732,900",151,"525,300","82,396","6,200,000",0,0,0,0,00:08:09,00:46:35
,,,19/05/2026,Ter,Voltroon,26,16,2,"660,300","674,200",85,"470,900","33,595","6,200,000",0,0,0,0,00:06:11,00:48:33
,,,19/05/2026,Ter,Japah,17,12,3,"367,100","506,100",49,"370,200","31,132","1,800,000",0,0,0,4,00:06:07,00:48:37
,,,19/05/2026,Ter,ANF,24,40,4,"711,900","1,000,000",161,"547,100","59,926","4,100,000",0,0,0,2,00:18:06,00:36:38
,,,19/05/2026,Ter,KIDISGRAMA,0,20,0,"19,417","618,400",3,"350,700","1,000,000","351,400",0,0,0,1,00:09:33,00:45:11
,,,19/05/2026,Ter,OPeres,32,20,4,"603,900","830,100",60,"592,700","53,516","1,800,000",0,0,0,0,00:12:23,00:42:21
,,,19/05/2026,Ter,SsFenixsS,0,28,0,"4,363","694,200",5,"338,600","863,200","9,202",0,0,0,0,00:12:45,00:41:59
,,,19/05/2026,Ter,ViTaoX,22,29,3,"799,900","962,600",127,"637,100","78,667","9,100,000",0,0,0,0,00:14:10,00:40:34
,,,19/05/2026,Ter,GhostFarmer,23,29,4,"957,900","951,900",134,"625,200","71,911","6,400,000",0,0,0,0,00:14:14,00:40:30
,,,19/05/2026,Ter,LinnWatts,3,8,1,"326,500","301,600",185,"208,100","25,642","857,200",287,0,341,3,00:03:25,00:51:19
,,,19/05/2026,Ter,Tdz1,70,26,6,"1,500,000","925,300",151,"631,300","78,020","2,600,000",0,0,0,0,00:11:19,00:43:25
,,,19/05/2026,Ter,Illumi,26,22,3,"814,400","763,700",138,"550,300","59,621","2,200,000",0,0,0,0,00:10:02,00:44:42
,,,19/05/2026,Ter,Azly,34,24,3,"978,000","698,700",123,"416,800","44,737","9,700,000",0,0,0,0,00:15:03,00:39:41
,,,19/05/2026,Ter,Kosh,40,20,5,"1,100,000","767,700",183,"550,600","49,312","555,400",0,0,0,0,00:09:25,00:45:19
,,,19/05/2026,Ter,Jdiew,59,21,5,"1,200,000","670,000",159,"431,600","35,887","1,000,000",0,0,0,0,00:13:42,00:41:02
,,,19/05/2026,Ter,Mayke,6,5,2,"129,400","162,900",27,"102,300","7,587",0,0,0,0,0,00:01:38,00:53:06
T2,Ulukita,PARTICIPAÇÃO,20/05/2026,Qua,Kosh,16,21,4,"643,900","673,400",72,"434,200","47,443","1,300,000",0,0,0,0,00:09:33,00:42:19
,,,20/05/2026,Qua,Slow,27,21,3,"1,100,000","718,300",156,"488,800","52,722","1,800,000",0,0,0,0,00:09:45,00:42:07
,,,20/05/2026,Qua,Illumi,21,23,3,"7,757,900","742,500",145,"507,400","74,113","4,800,000",0,0,0,0,00:09:51,00:42:01
,,,20/05/2026,Qua,Anthropos,6,21,2,"479,400","480,300",98,"245,500","43,415","4,100,000",0,0,0,0,00:10:41,00:41:11
,,,20/05/2026,Qua,Tripaloska,22,23,4,"803,500","773,300",103,"508,300","148,400","18,100,000",0,0,0,0,00:10:36,00:41:16
,,,20/05/2026,Qua,OPeres,18,20,2,"688,200","677,100",84,"451,300","57,354","6,000,000",0,0,0,3,00:09:54,00:41:58
,,,20/05/2026,Qua,Portela,29,19,3,"548,400","441,600",59,"218,000","46,677","23,900,000",0,0,0,5,00:07:41,00:44:11
,,,20/05/2026,Qua,ANF,9,36,2,"425,200","759,100",98,"358,700","65,140","9,200,000",0,0,0,2,00:16:14,00:35:38
,,,20/05/2026,Qua,ViTaoX,11,31,2,"525,900","764,300",81,"424,200","69,055","14,200,000",0,0,0,0,00:14:42,00:37:10
,,,20/05/2026,Qua,ExtincT,26,31,3,"770,300","704,300",97,"359,500","51,820","1,300,000",0,0,0,0,00:14:32,00:37:20
,,,20/05/2026,Qua,Goushin,26,12,4,"530,900","437,800",68,"304,700","52,212","3,400,000",0,0,0,1,00:07:09,00:44:43
,,,20/05/2026,Qua,Japah,1,15,1,"184,500","416,200",57,"248,200","34,544","737,200",77,0,140,2,00:07:37,00:44:15
,,,20/05/2026,Qua,Likimo,70,20,6,"1,700,000","563,700",211,"333,600","36,999","30,400,000",0,0,0,0,00:09:47,00:42:05
,,,20/05/2026,Qua,LinnWatts,19,20,3,"490,600","440,000",43,"217,500","29,348","12,200,000",0,0,0,0,00:11:52,00:40:00
,,,20/05/2026,Qua,Strongszoldkz,45,19,5,"1,400,000","591,500",135,"397,800","44,362","15,800,000",0,0,0,0,00:07:56,00:43:56
,,,20/05/2026,Qua,CorvoNegroo,20,19,4,"573,000","588,900",108,"375,500","39,540","118,400",0,0,0,0,00:12:05,00:39:47
,,,20/05/2026,Qua,ROXXON,27,22,3,"540,200","446,400",62,"217,000","43,944","19,900,000",0,0,0,0,00:11:34,00:40:18
,,,20/05/2026,Qua,TioTed,0,23,0,"7,072","442,100",2,"175,100","524,200","76,375",0,0,0,0,00:17:49,00:34:03
,,,20/05/2026,Qua,KIDISGRAMA,0,28,0,"12,286","598,800",2,"257,500","738,400","403,500",0,0,0,0,00:15:49,00:36:03
,,,20/05/2026,Qua,Azly,20,34,5,"523,500","631,900",59,"239,100","39,307","15,200,000",0,0,0,0,00:16:44,00:35:08
,,,20/05/2026,Qua,OxiTo,26,11,3,"707,300","577,300",122,"459,700","64,311","4,700,000",0,0,0,1,00:04:54,00:46:58
,,,20/05/2026,Qua,BloodAxe,23,28,2,"609,800","743,200",116,"429,500","64,705","12,800,000",0,0,0,2,00:12:05,00:39:47
,,,20/05/2026,Qua,CBUM,7,24,1,"456,900","553,000",41,"293,500","34,273",0,0,0,0,0,00:17:27,00:34:25
,,,20/05/2026,Qua,GhostFarmer,24,26,3,"850,900","848,700",109,"557,000","79,613","7,000,000",0,0,0,3,00:12:06,00:39:46
,,,20/05/2026,Qua,Hauks,0,24,0,"49,057","486,900",37,"214,000","217,900","1,800,000",0,0,0,1,00:16:34,00:35:18
,,,20/05/2026,Qua,Gojozin,2,9,1,"66,166","115,900",50,"39,944","27,370",0,0,0,0,0,00:09:32,00:42:20
T2,Ulukita,VITÓRIA,21/05/2026,Qui,KIDISGRAMA,0,16,0,"15,681","340,900",0,"146,500","565,900","30,206",0,0,0,1,00:06:31,00:17:16
,,,21/05/2026,Qui,ROXXON,4,9,1,"268,000","228,600",25,"130,300","20,013","2,100,000",0,0,0,0,00:04:01,00:19:46
,,,21/05/2026,Qui,Goushin,6,9,2,"236,700","290,300",19,"186,700","42,259","1,900,000",0,0,0,0,00:03:25,00:20:22
,,,21/05/2026,Qui,Tripaloska,7,10,3,"286,200","379,200",55,"246,400","27,559","1,400,000",0,0,0,0,00:03:54,00:19:53
,,,21/05/2026,Qui,Xterminator,6,10,2,"112,900","349,700",24,"231,900","28,540","514,700",0,0,0,0,00:03:20,00:20:27
,,,21/05/2026,Qui,CorvoNegroo,6,8,2,"301,000","248,300",57,"151,100","19,272",0,0,0,0,0,00:03:03,00:20:44
,,,21/05/2026,Qui,Jdiew,10,4,2,"424,200","276,300",40,"229,500","25,960","54,858",0,0,0,0,00:01:06,00:22:41
,,,21/05/2026,Qui,Voltroon,6,6,2,"187,200","219,500",19,"140,200","17,512","1,300,000",0,0,0,0,00:01:38,00:22:09
,,,21/05/2026,Qui,LinnWatts,4,3,2,"177,800","94,602",76,"53,051","6,877",0,109,0,176,0,00:01:06,00:22:41
,,,21/05/2026,Qui,Mayke,1,3,1,"53,500","66,180",30,"28,837","6,069",0,0,0,0,0,00:00:47,00:23:00
,,,21/05/2026,Qui,Japah,3,3,1,"76,311","196,200",6,"163,400","16,913",0,0,0,0,2,00:01:46,00:22:01
,,,21/05/2026,Qui,Strongszoldkz,4,10,1,"320,400","253,300",26,"150,600","23,023","5,900,000",0,0,0,0,00:03:47,00:20:00
,,,21/05/2026,Qui,Anthropos,3,12,1,"156,900","225,900",22,"94,656","18,933",0,0,0,0,0,00:05:01,00:18:46
,,,21/05/2026,Qui,ViTaoX,5,15,1,"194,700","359,000",31,"188,700","32,276","1,000,000",0,0,0,0,00:06:05,00:17:42
,,,21/05/2026,Qui,Honsberg,0,16,0,"25,194","260,200",8,"78,580","161,600","166,500",0,0,0,0,00:06:32,00:17:15
,,,21/05/2026,Qui,Abeguar,9,16,2,"210,100","305,000",16,"122,200","32,376","814,100",0,0,0,0,00:07:12,00:16:35
,,,21/05/2026,Qui,BloodAxe,7,12,2,"237,700","337,900",49,"194,300","29,565","898,000",0,0,0,0,00:04:53,00:18:54
,,,21/05/2026,Qui,GhostFarmer,4,14,1,"160,800","356,000",27,"192,000","36,566","750,200",0,0,0,0,00:06:29,00:17:18
,,,21/05/2026,Qui,Kvaratskhelia7,16,13,2,"464,100","360,800",22,"213,700","29,784","5,200,000",0,0,0,0,00:04:32,00:19:15
,,,21/05/2026,Qui,OPeres,1,13,1,"198,800","301,300",26,"152,700","26,161","626,800",0,0,0,0,00:05:51,00:17:56
,,,21/05/2026,Qui,Arquitorto,0,12,0,"77,918","317,000",12,"179,700","27,997","485,400",0,0,0,1,00:04:53,00:18:54
,,,21/05/2026,Qui,Kosh,14,13,3,"548,900","358,000",99,"211,300","26,555","132,300",0,0,0,0,00:06:26,00:17:21
,,,21/05/2026,Qui,Spots,0,0,0,0,0,0,0,0,0,0,0,0,0,00:00:00,00:23:47
T2,Ulukita,PARTICIPAÇÃO,22/05/2026,Sex,GhostFarmer,10,14,2,"308,900","510,300",45,"352,700","56,184","2,200,000",0,0,0,3,00:05:42,00:23:24
,,,22/05/2026,Sex,ANF,7,26,2,"270,600","500,900",55,"210,200","45,437","1,900,000",0,0,0,3,00:10:40,00:18:26
,,,22/05/2026,Sex,Goushin,9,9,3,"279,700","302,100",28,"198,200","70,385","3,000,000",0,0,0,0,00:03:13,00:25:53
,,,22/05/2026,Sex,LinnWatts,7,9,2,"299,900","223,700",35,"129,100","15,206","7,300,000",174,1,157,0,00:04:16,00:24:50
,,,22/05/2026,Sex,Atomica,7,10,1,"336,100","274,800",26,"155,500","23,137","3,400,000",0,0,0,0,00:03:45,00:25:21
,,,22/05/2026,Sex,Portela,10,11,2,"294,500","299,200",29,"174,800","23,446","3,000,000",0,0,0,7,00:04:53,00:24:13
,,,22/05/2026,Sex,Strongszoldkz,18,10,3,"702,700","277,900",60,"173,700","25,495","10,100,000",0,0,0,0,00:03:35,00:25:31
,,,22/05/2026,Sex,Arquitorto,8,11,2,"199,700","372,900",32,"239,200","33,423","892,000",0,0,0,4,00:04:01,00:25:05
,,,22/05/2026,Sex,BololoHAHAHAHA,11,9,3,"466,300","523,000",21,"416,200","66,198","4,600,000",0,0,0,0,00:05:07,00:23:59
,,,22/05/2026,Sex,Vitiin,25,8,4,"758,700","326,100",73,"225,000","21,991","7,100,000",0,0,0,0,00:02:25,00:26:41
,,,22/05/2026,Sex,Anthropos,6,5,1,"1,800,000","216,100",29,"151,300","13,815",0,0,0,0,0,00:01:44,00:27:22
,,,22/05/2026,Sex,Jdiew,21,8,2,"597,700","370,200",53,"288,100","26,091","568,400",0,0,0,0,00:03:27,00:25:39
,,,22/05/2026,Sex,Kolicheva,3,5,1,"60,688","208,400",6,"147,900","1,000,000",0,0,0,0,0,00:14:17,00:27:19
,,,22/05/2026,Sex,PAULAOl,37,8,7,"826,900","348,400",69,"250,100","120,000","6,100,000",0,0,0,0,00:02:40,00:26:26
,,,22/05/2026,Sex,CorvoNegroo,11,8,2,"387,200","368,000",55,"273,500","25,871","817,800",0,0,0,0,00:02:48,00:26:18
,,,22/05/2026,Sex,OxiTo,12,12,3,"198,500","379,900",32,"239,500","41,418","1,500,000",0,0,0,3,00:04:18,00:24:48
,,,22/05/2026,Sex,GDzinn,7,12,2,"128,600","399,300",21,"258,300","41,391","1,600,000",0,0,0,0,00:07:25,00:21:41
,,,22/05/2026,Sex,Tripaloska,16,12,2,"497,400","430,600",72,"289,200","72,650","1,600,000",0,0,0,0,00:04:17,00:24:49
,,,22/05/2026,Sex,XxGILxX,2,16,1,"81,448","312,900",11,"114,700","258,900","1,800,000",0,0,0,0,00:07:29,00:21:37
,,,22/05/2026,Sex,CBUM,3,16,1,"144,900","360,900",7,"181,500","36,331","1,300,000",0,0,0,0,00:07:23,00:21:43
,,,22/05/2026,Sex,Kosh,12,17,2,"627,200","397,700",103,"206,000","30,610","99,410",0,0,0,0,00:07:10,00:21:56
,,,22/05/2026,Sex,ViTaoX,5,20,2,"284,500","447,800",48,"224,600","43,978","2,700,000",0,0,0,0,00:07:56,00:21:10
,,,22/05/2026,Sex,KIDISGRAMA,0,18,0,"32,193","323,300",0,"111,000","851,700",0,0,0,0,6,00:07:46,00:21:20
,,,22/05/2026,Sex,Japah,2,2,2,"91,590","140,700",7,"108,800","11,480","209,500",0,0,0,7,00:01:30,00:27:36
,,,22/05/2026,Sex,Slow,1,15,1,"264,300","374,400",43,"203,400","25,648","886,300",0,0,0,0,00:06:44,00:22:22
,,,22/05/2026,Sex,Tdz1,17,15,5,"462,300","409,900",46,"243,800","40,236","2,400,000",0,0,0,0,00:05:25,00:23:41
,,,22/05/2026,Sex,BloodAxe,11,13,3,"294,200","365,700",58,"217,000","35,792","2,800,000",0,0,0,3,00:05:18,00:23:48
,,,22/05/2026,Sex,DEC,5,15,2,"173,200","371,600",28,"198,000","32,638","1,100,000",0,0,0,4,00:06:54,00:22:12
,,,22/05/2026,Sex,Denzell,11,13,2,"305,100","395,600",58,"247,600","27,741","3,700,000",0,0,0,0,00:05:02,00:24:04
,,,22/05/2026,Sex,Honsberg,2,15,2,"45,093","324,100",14,"148,200","316,400",0,0,0,0,4,00:06:18,00:22:48
,,,22/05/2026,Sex,Azly,6,14,2,"189,500","258,300",41,"95,902","35,146","184,000",0,0,0,0,00:11:22,00:17:44
,,,22/05/2026,Sex,Spots,11,1,6,"240,800","10,529",123,"3,197","33,301",0,0,0,0,0,00:00:11,00:28:55
T2,Ulukita,PARTICIPAÇÃO,24/05/2026,Dom,Japah,4,15,2,"100,800","452,800",6,"275,300","42,408",0,0,0,0,7,00:08:05,00:41:28
,,,24/05/2026,Dom,ViTaoX,15,29,3,"557,200","761,400",89,"435,400","67,886","6,900,000",0,0,0,0,00:13:37,00:35:56
,,,24/05/2026,Dom,Tripaloska,33,23,4,"995,300","869,900",140,"599,500","143,100","9,000,000",0,0,0,0,00:10:02,00:39:31
,,,24/05/2026,Dom,PAULAOl,69,12,4,"1,700,000","593,900",133,"449,200","168,400","15,500,000",0,0,0,0,00:04:22,00:45:11
,,,24/05/2026,Dom,Tdz1,25,19,3,"672,500","748,100",57,"527,100","77,946","5,600,000",0,0,0,0,00:07:59,00:41:34
,,,24/05/2026,Dom,Likimo,50,19,4,"1,300,000","600,700",134,"375,300","84,268","19,400,000",0,0,0,0,00:08:40,00:40:53
,,,24/05/2026,Dom,Goushin,8,19,1,"520,300","644,800",49,"430,900","119,600","3,400,000",0,0,0,0,00:09:24,00:40:09
,,,24/05/2026,Dom,Jdiew,35,18,4,"841,400","645,600",78,"437,600","48,956","1,700,000",0,0,0,0,00:07:21,00:42:12
,,,24/05/2026,Dom,Arquitorto,11,19,3,"315,300","605,600",45,"384,400","62,941","2,400,000",0,0,0,4,00:08:32,00:41:01
,,,24/05/2026,Dom,ANF,14,40,3,"388,300","737,400",88,"293,400","59,597","537,400",0,0,0,1,00:17:50,00:31:43
,,,24/05/2026,Dom,ROXXON,27,15,3,"748,500","554,500",84,"365,800","88,175","7,600,000",0,0,0,0,00:07:06,00:42:27
,,,24/05/2026,Dom,Anthropos,11,12,2,"250,900","362,400",51,"231,800","23,515",0,0,0,0,0,00:05:41,00:43:52
,,,24/05/2026,Dom,Illumi,13,20,3,"579,700","696,100",118,"467,800","82,542","1,100,000",0,0,0,0,00:09:46,00:39:47
,,,24/05/2026,Dom,Portela,16,13,2,"478,400","442,400",72,"288,330","82,291","7,600,000",0,0,0,1,00:05:21,00:44:12
,,,24/05/2026,Dom,Sixs,5,14,1,"277,900","315,600",29,"160,600","26,039","3,300,000",0,0,0,0,00:05:22,00:44:11
,,,24/05/2026,Dom,ZTioSaN,7,20,1,"307,000","562,500",58,"329,600","39,905",0,0,0,0,0,00:08:32,00:41:01
,,,24/05/2026,Dom,OPeres,18,21,5,"383,800","714,400",48,"460,000","68,390","2,100,000",0,0,0,1,00:11:02,00:38:31
,,,24/05/2026,Dom,BloodAxe,18,22,2,"551,700","772,400",85,"510,700","75,708","1,300,000",0,0,0,2,00:09:28,00:40:05
,,,24/05/2026,Dom,KIDISGRAMA,4,27,1,"252,200","568,800",25,"251,100","474,000","1,100,000",0,0,0,3,00:12:16,00:37:17
,,,24/05/2026,Dom,Infa,37,27,4,"1,200,000","711,800",248,"395,100","61,753","943,000",0,0,0,0,00:13:26,00:36:07
,,,24/05/2026,Dom,DEC,17,31,2,"441,700","681,500",52,"331,400","62,889","1,500,000",0,0,0,3,00:14:15,00:35:18
,,,24/05/2026,Dom,GhostFarmer,8,36,4,"547,100","829,700",76,"424,200","73,262","1,200,000",0,0,0,0,00:17:27,00:32:06
,,,24/05/2026,Dom,OxiTo,15,11,2,"443,700","607,900",77,"474,600","72,142","3,600,000",0,0,0,0,00:04:05,00:45:28
,,,24/05/2026,Dom,Kosh,20,26,2,"927,100","712,700",133,"418,200","47,422","273,100",0,0,0,0,00:11:50,00:37:43
,,,24/05/2026,Dom,Azly,13,23,2,"405,700","523,500",35,"247,400","53,587","10,500,000",0,0,0,0,00:21:33,00:28:00
,,,24/05/2026,Dom,XxGILxX,9,22,1,"210,800","574,000",12,"310,500","280,300","1,200,000",0,0,0,0,00:09:09,00:40:24
,,,24/05/2026,Dom,Hogma,0,24,0,"14,595","537,200",2,"241,800","1,200,000",0,0,0,0,0,00:11:18,00:38:15
,,,24/05/2026,Dom,Denzell,19,22,2,"481,500","692,000",97,"438,500","70,879","2,900,000",0,0,0,0,00:09:17,00:40:16
,,,24/05/2026,Dom,ZRyotta,11,22,2,"374,100","630,400",29,"370,900","228,000","2,100,000",0,0,0,0,00:09:23,00:40:10
,,,24/05/2026,Dom,Spots,7,0,4,"191,600","4,796",94,"4,890","34,949",0,0,0,0,0,00:00:00,00:49:33
T2,Ulukita,PARTICIPAÇÃO,25/05/2026,Seg,LinnWatts,6,14,1,"362,700","341,400",94,"185,800","21,979","153,100",107,0,165,0,00:06:29,00:23:36
,,,25/05/2026,Seg,ViTaoX,7,18,2,"277,600","454,300",42,"248,500","59,318","22,516",0,0,0,0,00:06:59,00:23:06
,,,25/05/2026,Seg,GhostFarmer,10,14,2,"330,400","414,900",44,"256,000","34,889","159,100",0,0,0,1,00:04:47,00:25:18
,,,25/05/2026,Seg,BloodAxe,12,16,2,"268,800","427,900",46,"240,600","33,082","456,300",0,0,0,1,00:06:16,00:23:49
,,,25/05/2026,Seg,Portela,9,10,1,"369,700","269,900",40,"162,300","43,119","122,600",0,0,0,1,00:03:13,00:26:52
,,,25/05/2026,Seg,OPeres,3,10,1,"179,400","332,900",25,"213,400","25,692","348,600",0,0,0,0,00:05:17,00:24:48
,,,25/05/2026,Seg,Maby,0,9,0,"10,223","255,500",4,"133,600","520,100",0,0,0,0,0,00:05:48,00:24:17
,,,25/05/2026,Seg,Hauks,0,19,0,"18,081","363,000",5,"140,400","380,500",0,0,0,0,0,00:09:16,00:20:49
,,,25/05/2026,Seg,Slow,16,9,2,"377,100","374,600",50,"270,300","25,259",0,0,0,0,0,00:04:01,00:26:04
,,,25/05/2026,Seg,PAULAOl,29,7,5,"706,900","351,900",97,"264,600","105,300","610,600",0,0,0,0,00:02:28,00:27:37
,,,25/05/2026,Seg,Goushin,7,10,1,"297,600","307,700",34,"190,800","46,410","190,300",0,0,0,0,00:03:56,00:26:09
,,,25/05/2026,Seg,KingDark,8,9,2,"331,700","402,900",21,"301,500","94,548","298,300",0,0,0,0,00:05:41,00:24:24
,,,25/05/2026,Seg,Japah,0,9,0,"100,000","317,000",12,"212,300","23,403",0,0,0,0,2,00:03:37,00:26:28
,,,25/05/2026,Seg,Tripaloska,11,11,2,"403,200","440,300",44,"295,900","38,021",0,0,0,0,0,00:05:10,00:24:55
,,,25/05/2026,Seg,Tdz1,10,12,3,"551,900","481,400",39,"334,200","44,993","565,400",0,0,0,0,00:04:42,00:25:23
,,,25/05/2026,Seg,Abeguar,1,4,1,"108,700","108,000",112,"58,197","7,934",595,0,0,0,0,00:02:26,00:27:39
,,,25/05/2026,Seg,Potterzinho,10,16,2,"303,100","354,200",18,"167,300","24,853","720,000",0,0,0,0,00:06:53,00:23:12
,,,25/05/2026,Seg,Kosh,10,16,3,"373,200","451,500",53,"264,000","33,355","74,738",0,0,0,0,00:05:55,00:24:10
,,,25/05/2026,Seg,Infa,17,17,3,"595,200","376,700",109,"186,200","28,543",0,0,0,0,0,00:07:48,00:22:17
,,,25/05/2026,Seg,Illumi,8,11,2,"411,800","423,000",76,"301,200","40,700",0,0,0,0,0,00:04:44,00:25:21
,,,25/05/2026,Seg,Brecador,3,16,1,"119,200","358,500",16,"171,500","30,171","21,346",0,0,0,0,00:06:55,00:23:10
,,,25/05/2026,Seg,KIDISGRAMA,0,14,0,"8,743","319,500",0,"143,800","833,200","42,792",0,0,0,0,00:05:48,00:24:17
,,,25/05/2026,Seg,BololoHAHAHAHA,11,14,3,"382,000","427,900",18,"263,100","37,481","1,900,000",0,0,0,0,00:51:11,00:24:54
,,,25/05/2026,Seg,Severoz,4,12,1,"276,900","399,600",21,"258,000","38,379",0,0,0,0,0,00:04:37,00:25:28
,,,25/05/2026,Seg,Spots,0,3,0,"40,544","41,874",36,"183,300","19,659",0,0,0,0,0,00:01:17,00:28:48
T2,Ulukita,PARTICIPAÇÃO,26/05/2026,Ter,Kosh,34,25,2,"1,200,000","894,600",183,"613,500","58,576","5,000,000",0,0,0,0,00:10:48,00:41:23
,,,26/05/2026,Ter,GhostFarmer,13,32,3,"641,300","817,200",62,"466,000","88,793","4,500,000",0,0,0,0,00:15:05,00:37:06
,,,26/05/2026,Ter,Denzell,16,19,1,"561,800","673,700",115,"450,200","48,929","4,500,000",0,0,0,2,00:08:03,00:44:08
,,,26/05/2026,Ter,Slow,11,25,2,"469,200","627,100",79,"351,000","45,870","3,700,000",0,0,0,0,00:14:40,00:37:31
,,,26/05/2026,Ter,Anthropos,11,20,3,"397,700","475,500",58,"255,800","32,315","1,200,000",0,0,0,0,00:10:54,00:41:17
,,,26/05/2026,Ter,Infa,50,32,5,"1,400,000","725,600",260,"375,100","54,924","1,800,000",0,0,0,0,00:16:33,00:35:38
,,,26/05/2026,Ter,BloodAxe,22,26,2,"661,600","759,800",109,"453,700","66,553","3,600,000",0,0,0,3,00:11:59,00:40:12
,,,26/05/2026,Ter,Abeguar,16,34,3,"468,200","694,600",37,"310,700","60,277","2,600,000",0,0,0,3,00:15:24,00:36:47
,,,26/05/2026,Ter,PAULAOl,54,14,4,"1,400,000","620,000",137,"458,100","110,100","8,500,000",0,0,0,0,00:06:27,00:45:44
,,,26/05/2026,Ter,LinnWatts,18,19,2,"430,000","448,700",50,"239,800","35,598","8,500,000",29,0,205,1,00:09:51,00:42:20
,,,26/05/2026,Ter,ViTaoX,15,38,1,"516,300","884,400",88,"460,100","77,586","5,600,000",0,0,0,0,00:17:58,00:34:13
,,,26/05/2026,Ter,Likimo,48,18,5,"1,400,000","633,100",126,"425,300","60,243","17,200,000",0,0,0,0,00:07:59,00:44:12
,,,26/05/2026,Ter,OxiTo,22,15,3,"531,900","711,100",115,"533,700","74,243","3,100,000",0,0,0,0,00:05:41,00:46:30
,,,26/05/2026,Ter,GDzinn,11,21,2,"400,700","708,900",42,"456,000","72,078","3,800,000",0,0,0,2,00:09:55,00:42:16
,,,26/05/2026,Ter,Kleinzera,23,15,2,"526,900","524,100",39,"343,900","36,460","2,300,000",0,0,0,0,00:06:43,00:45:28
,,,26/05/2026,Ter,Japah,3,17,1,"217,700","498,600",18,"303,100","38,224","772,500",0,0,0,6,00:08:08,00:43:03
,,,26/05/2026,Ter,MoicaSlip,16,21,3,"333,500","681,900",50,"443,700","59,922","4,500,000",0,0,0,3,00:08:31,00:43:40
,,,26/05/2026,Ter,Mayke,0,24,0,898,"514,200",13,"230,200","665,400",0,0,0,0,0,00:12:03,00:40:08
,,,26/05/2026,Ter,OPeres,15,22,3,"567,200","684,000",64,"432,700","61,089","2,500,000",0,0,0,0,00:16:55,00:35:16
,,,26/05/2026,Ter,KIDISGRAMA,0,32,0,"33,063","620,900",1,"242,000","924,000","170,000",0,0,0,6,00:16:34,00:35:37
,,,26/05/2026,Ter,Azly,13,32,3,"352,300","635,900",46,"272,300","274,500","5,000,000",0,0,0,0,00:23:06,00:29:05
,,,26/05/2026,Ter,Hauks,1,36,1,"66,396","716,000",34,"293,300","571,600","583,800",0,0,0,0,00:16:10,00:36:01
,,,26/05/2026,Ter,CorvoNegroo,17,22,2,"655,900","704,500",106,"449,100","52,635","939,800",0,0,0,0,00:09:50,00:42:21
,,,26/05/2026,Ter,KingDark,23,27,3,"605,100","838,500",58,"522,900","361,100","9,300,000",0,0,0,0,00:12:25,00:39:46
,,,26/05/2026,Ter,XxGILxX,18,25,2,"393,500","579,800",50,"276,100","240,600","4,000,000",0,0,0,0,00:10:45,00:41:26
,,,26/05/2026,Ter,Tripaloska,19,25,2,"944,300","813,100",92,"519,500","194,400","6,800,000",0,0,0,0,00:11:45,00:40:26
,,,26/05/2026,Ter,Germinix,1,23,1,"18,863","515,200",7,"238,000","765,700","65,186",0,0,0,0,00:10:58,00:41:13
,,,26/05/2026,Ter,Spots,19,1,4,"311,100","15,026",130,"6,812","10,497",0,0,0,0,0,00:00:11,00:52:00
T2,Ulukita,DERROTA,27/05/2026,Qua,Kosh,25,10,3,"610,300","471,900",85,"351,500","33,020","215,100",0,0,0,0,00:02:52,00:19:19
,,,27/05/2026,Qua,Tripaloska,18,9,4,"479,000","427,500",49,"314,400","29,698","2,000,000",0,0,0,0,00:02:49,00:19:22
,,,27/05/2026,Qua,GhostFarmer,9,14,2,"232,400","413,300",38,"255,600","35,789","867,300",0,0,0,0,00:04:15,00:17:56
,,,27/05/2026,Qua,Potterzinho,10,10,2,"422,500","303,000",26,"184,100","17,703","1,900,000",0,0,0,0,00:03:43,00:18:28
,,,27/05/2026,Qua,Illumi,12,10,2,"303,000","393,800",60,"284,900","41,051","1,400,000",0,0,0,0,00:03:09,00:19:02
,,,27/05/2026,Qua,BololoHAHAHAHA,19,11,4,"373,900","423,000",30,"298,400","33,519","1,400,000",0,0,0,0,00:04:13,00:17:58
,,,27/05/2026,Qua,CorvoNegroo,10,10,2,"363,400","346,100",57,"223,700","28,970","83,326",0,0,0,1,00:03:01,00:19:10
,,,27/05/2026,Qua,Maby,0,10,0,"16,488","239,400",3,"118,400","295,200","13,092",0,0,0,0,00:03:18,00:18:53
,,,27/05/2026,Qua,CBUM,6,18,2,"81,936","367,300",6,"164,600","26,107","160,200",0,0,0,0,00:07:04,00:15:07
,,,27/05/2026,Qua,GDzinn,8,9,2,"261,300","446,400",28,"335,400","42,189","1,500,000",0,0,0,0,00:03:00,00:19:11
,,,27/05/2026,Qua,PAULAOl,23,8,3,"780,900","338,200",66,"244,700","54,909","1,400,000",0,0,0,0,00:02:47,00:19:24
,,,27/05/2026,Qua,Slow,12,9,4,"259,500","226,800",42,"128,900","15,826",0,0,0,0,0,00:06:56,00:15:15
,,,27/05/2026,Qua,Denzell,7,8,2,"289,600","334,300",39,"238,000","22,540","839,700",0,0,0,0,00:02:40,00:19:31
,,,27/05/2026,Qua,Kleinzera,8,8,1,"265,000","271,900",18,"180,300","14,426","1,500,000",0,0,0,0,00:02:46,00:19:25
,,,27/05/2026,Qua,Brecador,1,10,1,"124,300","365,800",15,"252,000","29,285","161,900",0,0,0,0,00:03:31,00:18:40
,,,27/05/2026,Qua,Kolicheva,0,11,0,"55,863","328,400",5,"188,300","321,300","72,398",0,0,0,1,00:03:44,00:18:27
,,,27/05/2026,Qua,OPeres,3,11,1,"200,500","403,500",18,"278,400","30,304","583,300",0,0,0,0,00:03:47,00:18:24
,,,27/05/2026,Qua,ViTaoX,10,16,3,"258,800","434,200",29,"251,900","34,220","552,300",0,0,0,0,00:05:43,00:16:28
,,,27/05/2026,Qua,Azly,11,15,4,"390,500","318,000",32,"146,400","17,425","2,500,000",0,0,0,0,00:05:49,00:16:22
,,,27/05/2026,Qua,Atomica,3,16,1,"170,300","384,600",16,"200,000","25,509","717,400",0,0,0,0,00:05:37,00:16:34
,,,27/05/2026,Qua,Infa,18,18,3,"665,500","386,700",115,"189,700","30,617","252,700",0,0,0,0,00:06:00,00:16:11
,,,27/05/2026,Qua,Japah,4,4,2,"99,919","200,400",9,"154,800","14,461","1,200,000",0,0,0,0,00:01:22,00:20:49
,,,27/05/2026,Qua,Hauks,2,15,1,"42,525","345,000",15,"158,200","273,700","165,500",0,0,0,0,00:05:28,00:16:43
,,,27/05/2026,Qua,XxGILxX,3,12,1,"172,500","303,700",6,"161,700","96,176","822,400",0,0,0,0,00:06:11,00:16:00
,,,27/05/2026,Qua,KingDark,10,11,3,"347,300","413,000",20,"289,300","172,600","2,400,000",0,0,0,0,00:03:53,00:18:18
,,,27/05/2026,Qua,Abeguar,7,13,2,"226,200","342,300",15,"186,400","27,151",0,0,0,0,0,00:04:34,00:17:37
,,,27/05/2026,Qua,Germinix,0,11,0,"20,520","304,400",9,"173,500","207,300",0,0,0,0,0,00:04:32,00:17:39
,,,27/05/2026,Qua,BloodAxe,4,12,1,"214,600","364,000",21,"227,500","45,086","720,200",0,0,0,0,00:04:26,00:17:45
,,,27/05/2026,Qua,Murico,1,2,1,"93,567","49,870",44,"26,363","4,123",0,0,0,0,0,00:00:24,00:21:47
T2,Ulukita,VITÓRIA,28/05/2026,Qui,Anthropos,5,5,1,"206,400","164,000",41,"112,900","10,330","4,300,000",0,0,0,0,00:02,00:31:46
,,,28/05/2026,Qui,TiuPita,24,6,4,"453,500","249,600",44,"186,600","18,489","5,000,000",0,0,0,0,00:02,00:31:55
,,,28/05/2026,Qui,Kordri,5,6,2,"165,800","195,000",16,"129,100","13,762","5,100,000",0,0,0,0,00:06,00:27:10
,,,28/05/2026,Qui,Japah,0,5,0,"62,392","148,500",8,"95,286","8,622","136,300",0,0,0,1,00:04,00:29:26
,,,28/05/2026,Qui,KingDark,8,7,1,"255,900","255,400",35,"175,100","71,208","2,800,000",0,0,0,0,00:02,00:31:25
,,,28/05/2026,Qui,Likimo,28,6,4,"627,600","246,000",72,"179,000","11,713","6,100,000",0,0,0,0,00:02,00:31:27
,,,28/05/2026,Qui,LinnWatts,7,9,3,"145,900","208,400",12,"112,000","11,394","3,700,000",0,0,0,1,00:04,00:29:32
,,,28/05/2026,Qui,ViTaoX,3,12,1,"127,100","269,000",21,"138,000","17,907","3,400,000",0,0,0,0,00:04,00:29:21
,,,28/05/2026,Qui,Denzell,10,6,3,"204,300","228,600",29,"163,400","27,136","3,600,000",0,0,0,0,00:02,00:31:38
,,,28/05/2026,Qui,OPeres,9,5,3,"200,300","210,300",15,"154,800","14,797","4,300,000",0,0,0,0,00:02,00:31:56
,,,28/05/2026,Qui,CorvoNegroo,16,4,5,"344,300","283,600",49,"239,000","79,306","2,000,000",0,0,0,0,00:01,00:32:54
,,,28/05/2026,Qui,Germinix,2,5,1,"10,106","171,900",5,"109,500","413,800","1,000,000",0,0,0,0,00:02,00:31:48
,,,28/05/2026,Qui,GDzinn,7,4,2,"187,900","184,100",16,"137,100","15,057","2,500,000",0,0,0,0,00:01,00:32:37
,,,28/05/2026,Qui,Azly,5,13,2,"220,700","251,400",18,"106,400","16,535","2,300,000",0,0,0,0,00:05,00:28:38
,,,28/05/2026,Qui,BloodAxe,10,7,2,"248,800","264,400",49,"184,900","25,391","3,300,000",0,0,0,1,00:02,00:31:28
,,,28/05/2026,Qui,Portela,9,4,2,"214,000","104,300",20,"58,537","5,567","2,600,000",0,0,0,1,00:02,00:31:14
,,,28/05/2026,Qui,Fafnir,9,8,2,"226,300","202,500",30,"138,900","17,053","986,100",0,0,0,0,00:05,00:28:42
,,,28/05/2026,Qui,GhostFarmer,5,9,1,"164,300","267,700",26,"166,800","22,082","4,200,000",0,0,0,0,00:03,00:30:40
,,,28/05/2026,Qui,Honsberg,1,10,1,"370,003","251,900",10,"137,900","378,000","2,000,000",0,0,0,0,00:04,00:29:59
,,,28/05/2026,Qui,CBUM,6,6,3,"119,300","159,500",19,"94,641","11,000","1,600,000",0,0,0,0,00:02,00:31:02
,,,28/05/2026,Qui,Vitiin,29,8,6,"386,700","151,600",42,"66,302","11,153","675,200",0,0,0,0,00:02,00:31:07
,,,28/05/2026,Qui,Slow,12,7,2,"247,200","281,700",50,"207,600","19,534","5,400,000",0,0,0,0,00:03,00:30:52
,,,28/05/2026,Qui,Potterzinho,12,7,2,"274,600","222,400",33,"142,900","13,936","2,800,000",0,0,0,0,00:02,00:31:36
,,,28/05/2026,Qui,ExtincT,5,7,1,"211,000","204,400",13,"125,300","11,561","4,800,000",0,0,0,0,00:03,00:30:30
,,,28/05/2026,Qui,Voltroon,4,7,1,"157,200","148,500",17,"67,133","8,477","2,600,000",0,0,0,0,00:02,00:31:52
,,,28/05/2026,Qui,PAULAOl,31,4,5,"634,600","187,300",66,"140,300","86,156","11,100,000",0,0,0,0,00:01,00:32:23
T2,Ulukita,PARTICIPAÇÃO,29/05/2026,Sex,KingDark,34,25,3,"970,000","1,100,000",96,"883,300","173,800","15,500,000",0,0,0,0,00:10:48,00:45:41
,,,29/05/2026,Sex,Abeguar,24,32,3,"549,000","804,800",35,"443,800","62,153","3,500,000",0,0,0,0,00:14:27,00:42:02
,,,29/05/2026,Sex,LinnWatts,8,23,1,"327,800","519,100",137,"267,900","28,237","3,400,000",379,2,181,0,00:11:15,00:45:14
,,,29/05/2026,Sex,BololoHAHAHAHA,36,23,4,"1,000,000","1,000,000",62,"772,000","76,927","5,800,000",0,0,0,0,00:12:02,00:44:27
,,,29/05/2026,Sex,GDzinn,31,23,3,"762,800","1,000,000",72,"788,600","82,906","3,500,000",0,0,0,0,00:09:59,00:46:30
,,,29/05/2026,Sex,Likimo,70,23,4,"1,500,000","781,400",158,"511,300","45,974","12,200,000",0,0,0,0,00:12:13,00:44:16
,,,29/05/2026,Sex,Japah,8,30,2,"400,600","788,500",36,"448,400","53,698","2,800,000",0,0,0,1,00:18:40,00:37:49
,,,29/05/2026,Sex,Azly,37,32,5,"1,000,000","823,100",100,"459,900","44,228","8,200,000",0,0,0,0,00:15:47,00:40:42
,,,29/05/2026,Sex,GhostFarmer,20,28,4,"794,100","994,300",95,"689,000","80,665","3,300,000",0,0,0,1,00:11:52,00:44:37
,,,29/05/2026,Sex,XxGILxX,14,36,2,"278,000","854,900",41,"430,100","339,100","4,000,000",0,0,0,0,00:12:20,00:40:09
,,,29/05/2026,Sex,Maby,0,21,0,"20,655","634,900",9,"383,800","954,200",624,0,0,0,0,00:09:49,00:46:40
,,,29/05/2026,Sex,Anthropos,21,21,4,"748,500","604,600",122,"364,700","41,771","313,300",0,0,0,0,00:10:37,00:45:52
,,,29/05/2026,Sex,CorvoNegroo,28,18,2,"857,000","857,100",122,"639,200","179,500","1,700,000",0,0,0,0,00:07:34,00:48:55
,,,29/05/2026,Sex,OPeres,8,25,1,"319,000","640,400",51,"352,000","47,347","859,500",0,0,0,0,00:24:59,00:31:30
,,,29/05/2026,Sex,Sixs,6,15,1,"400,400","370,900",35,"196,700","20,068","3,300,000",0,0,0,0,00:26:04,00:30:25
,,,29/05/2026,Sex,Goushin,17,18,3,"614,900","625,500",59,"428,500","84,574","5,200,000",0,0,0,0,00:08:51,00:47:38
,,,29/05/2026,Sex,ViTaoX,10,39,2,"525,700","981,900",111,"533,600","67,225","4,200,000",0,0,0,0,00:18:14,00:38:15
,,,29/05/2026,Sex,Tdz1,30,26,3,"1,100,000","989,700",97,"700,100","77,893","7,100,000",0,0,0,0,00:11:32,00:44:57
,,,29/05/2026,Sex,Jdiew,49,13,3,"1,100,000","773,800",142,"620,700","54,287",0,0,0,0,0,00:05:33,00:50:56
,,,29/05/2026,Sex,Honsberg,8,30,3,"160,900","688,900",67,"337,000","407,700","161,800",0,0,0,0,00:15:16,00:41:13
,,,29/05/2026,Sex,BloodAxe,24,30,2,"648,700","972,400",112,"623,700","65,432","3,000,000",0,0,0,0,00:12:58,00:43:31
,,,29/05/2026,Sex,KIDISGRAMA,1,35,1,"27,299","866,600",1,"432,800","1,200,000","247,100",0,0,0,1,00:17:21,00:39:08
,,,29/05/2026,Sex,MoicaSlip,18,25,3,"506,500","832,700",50,"545,300","51,120","7,800,000",0,0,0,0,00:12:06,00:44:23
,,,29/05/2026,Sex,Germinix,4,28,1,"41,397","760,100",21,"426,100","839,100","58,748",0,0,0,0,00:14:35,00:41:54
,,,29/05/2026,Sex,Denzell,17,27,2,"670,500","846,200",103,"534,000","92,191","1,800,000",0,0,0,0,00:12:03,00:44:26
,,,29/05/2026,Sex,Illumi,14,27,2,"740,400","970,300",127,"666,700","93,128","3,000,000",0,0,0,0,00:11:19,00:45:10
,,,29/05/2026,Sex,Beatersx,5,27,1,"291,700","708,900",54,"390,900","45,286","298,600",0,0,0,0,00:12:57,00:43:32
,,,29/05/2026,Sex,Kolicheva,4,27,1,"141,200","81,400",11,"485,100","1,100,000","1,396",0,0,0,0,00:11:55,00:44:34
,,,29/05/2026,Sex,Murico,1,10,1,"186,100","241,500",74,"123,100","11,644",0,0,0,0,0,00:04:06,00:52:23
T2,Calpheon,VITÓRIA,31/05/2026,Dom,Slow,10,13,2,"283,400","341,300",51,"202,500","24,348",0,0,0,0,0,00:05,00:28:27
,,,31/05/2026,Dom,CorvoNegroo,22,12,3,"539,800","455,000",75,"316,500","155,400","2,500,000",0,0,0,0,00:04,00:29:14
,,,31/05/2026,Dom,Abeguar,12,22,3,"342,400","536,600",17,"284,600","46,449","5,400,000",0,0,0,0,00:10,00:23
,,,31/05/2026,Dom,Denzell,4,12,1,"232,400","330,500",29,"191,100","18,522","3,500,000",0,0,0,0,00:05,00:28:41
,,,31/05/2026,Dom,LinnWatts,13,13,3,"511,100","315,700",52,"174,100","19,164","11,800,000",0,0,0,3,00:06,00:27:24
,,,31/05/2026,Dom,Tripaloska,19,13,3,"518,300","511,600",44,"349,100","169,200","6,300,000",0,0,0,2,00:06,00:27:37
,,,31/05/2026,Dom,MoicaSlip,0,14,0,"214,100","403,390",15,"243,400","75,759","4,400,000",0,0,0,3,00:09,00:24:21
,,,31/05/2026,Dom,ROXXON,7,11,1,"355,500","320,400",37,"197,700","19,453","7,900,000",0,0,0,2,00:06,00:27:41
,,,31/05/2026,Dom,TiuPita,17,10,4,"402,500","397,700",42,"286,200","29,789","1,200,000",0,0,0,0,00:03,00:30:53
,,,31/05/2026,Dom,Goushin,14,8,2,"370,400","391,500",34,"301,100","82,315","6,000,000",0,0,0,1,00:05,00:28:38
,,,31/05/2026,Dom,Hitokiri,2,11,1,"147,500","329,300",4,"192,200","116,900","1,100,000",0,0,0,0,00:04,00:29:31
,,,31/05/2026,Dom,Anthropos,11,9,3,"277,300","260,300",52,"160,800","21,682","1,000,000",0,0,0,0,00:03,00:30:11
,,,31/05/2026,Dom,Likimo,29,9,5,"877,000","413,500",87,"311,600","42,309","18,100,000",0,0,0,0,00:04,00:29
,,,31/05/2026,Dom,Infa,6,7,2,"232,800","181,700",33,"103,400","14,239","1,500,000",0,0,0,0,00:19,00:14:34
,,,31/05/2026,Dom,Kosh,7,14,1,"289,900","406,700",52,"246,800","32,078","1,700,000",0,0,0,0,00:05,00:28:18
,,,31/05/2026,Dom,Largo_Moto,2,16,1,"206,300","359,500",18,"181,500","31,567","1,300,000",0,0,0,3,00:07,00:26:37
,,,31/05/2026,Dom,Hogma,0,19,0,"2,712","354,500",10,"125,000","589,400","4,675",0,0,0,0,00:10,00:23
,,,31/05/2026,Dom,Xterminator,6,19,2,"388,200","523,900",59,"316,300","45,327","3,800,000",0,0,0,0,00:07,00:26:42
,,,31/05/2026,Dom,ViTaoX,13,20,3,"375,200","555,400",41,"330,700","44,010","5,000,000",0,0,0,1,00:09,00:25:01
,,,31/05/2026,Dom,OPeres,7,21,2,"325,500","432,700",40,"199,000","33,175","486,200",0,0,0,0,00:12,00:21
,,,31/05/2026,Dom,Japah,13,15,2,"311,000","463,800",19,"280,100","38,839","4,400,000",0,0,0,1,00:08,00:25:58
,,,31/05/2026,Dom,GhostFarmer,12,19,2,"484,900","543,200",58,"328,500","55,142","4,300,000",0,0,0,0,00:12,00:24:53
,,,31/05/2026,Dom,Azly,14,17,2,"431,500","396,300",40,"199,700","33,362","7,700,000",0,0,0,0,00:08,00:25:16
,,,31/05/2026,Dom,KingDark,24,16,3,"485,000","554,500",39,"366,100","172,400","11,800,000",0,0,0,0,00:06,00:27:11
,,,31/05/2026,Dom,BloodAxe,13,17,2,"356,900","469,000",55,"275,400","38,691","3,900,000",0,0,0,2,00:08,00:25:48
,,,31/05/2026,Dom,Hauks,1,17,1,"46,558","405,800",41,"193,900","442,800","577,800",0,0,0,1,00:10,00:23
,,,31/05/2026,Dom,DEC,11,17,2,"308,200","362,700",20,"170,100","22,905","6,600,000",0,0,0,0,00:07,00:26:49
,,,31/05/2026,Dom,Mayke,4,1,1,"164,600","16,680",83,"5,471","2,061","207,200",0,0,0,0,00:00,00:33:31
T2,Ulukita,PARTICIPAÇÃO,01/06/2026,Seg,GhostFarmer,13,35,2,"683,700","949,400",81,"555,700","87,472","7,400,000",0,0,0,1,00:19,00:40:18
,,,01/06/2026,Seg,Jdiew,38,20,4,"1,100,000","769,500",146,"538,900","56,114","643,800",0,0,0,0,00:09,00:50:22
,,,01/06/2026,Seg,KingDark,21,30,2,"830,500","1,100,000",89,"776,500","323,500","29,100,000",0,0,0,0,00:13,00:45:49
,,,01/06/2026,Seg,Likimo,51,27,4,"1,400,000","815,000",146,"493,200","68,905","22,700,000",0,0,0,0,00:13,00:45:49
,,,01/06/2026,Seg,ViTaoX,22,37,2,"677,100","1,000,000",103,"577,200","79,407","9,100,000",0,0,0,0,00:18,00:41:23
,,,01/06/2026,Seg,ROXXON,23,20,2,"585,800","539,900",69,"305,600","37,520","10,100,000",0,0,0,0,00:11,00:48:20
,,,01/06/2026,Seg,Anthropos,13,21,2,"646,800","635,500",111,"391,900","44,573","1,000,000",0,0,0,0,00:10,00:49:14
,,,01/06/2026,Seg,Japah,8,24,2,"287,300","548,300",46,"277,300","43,419","3,200,000",51,0,143,3,00:12,00:46:47
,,,01/06/2026,Seg,PAULAOl,52,23,5,"1,600,000","887,900",142,"625,000","129,600","16,200,000",0,0,0,0,00:10,00:48:53
,,,01/06/2026,Seg,Germinix,0,20,0,"15,791","599,800",9,"347,900","1,000,000","178,300",0,0,0,0,00:14,00:45:18
,,,01/06/2026,Seg,CorvoNegroo,29,17,4,"1,000,000","817,000",148,"604,800","186,000","3,100,000",0,0,0,0,00:07,00:51:56
,,,01/06/2026,Seg,Azly,0,25,0,"36,760","471,900",0,"183,300","34,957","1,900,000",0,0,0,0,00:35:33,00:24:08
,,,01/06/2026,Seg,Mayke,1,4,1,"97,492","95,341",41,"47,004","5,550","995,000",0,0,0,0,00:02,00:57:36
,,,01/06/2026,Seg,OPeres,16,17,3,"476,900","580,000",39,"377,200","50,335","2,200,000",0,0,0,0,00:16,00:43:17
,,,01/06/2026,Seg,Tdz1,22,25,3,"907,400","834,900",80,"545,800","73,726","6,900,000",0,0,0,0,00:11,00:48:23
,,,01/06/2026,Seg,Illumi,18,26,3,"666,300","880,300",124,"577,300","87,996","5,900,000",0,0,0,0,00:14,00:45:12
,,,01/06/2026,Seg,DEC,28,26,3,"725,400","862,200",67,"554,800","66,215","18,600,000",0,0,0,0,00:11,00:48:06
,,,01/06/2026,Seg,Brecador,6,35,1,"294,400","807,500",39,"405,700","67,443","3,900,000",0,0,0,3,00:16,00:42:58
,,,01/06/2026,Seg,LinnWatts,9,36,2,"431,100","637,100",102,"247,300","39,837","5,100,000",88,0,167,0,00:20,00:39:36
,,,01/06/2026,Seg,BloodAxe,22,37,4,"520,500","917,400",89,"503,400","92,492","9,700,000",0,0,0,1,00:16,00:42:52
,,,01/06/2026,Seg,Abeguar,23,1,3,"1,000,000","29,371","1,172","17,503","4,187","7,725",0,0,0,0,00:00,00:59:14
,,,01/06/2026,Seg,Hauks,0,32,0,"69,076","718,700",44,"325,500","1,200,000","894,500",0,0,0,0,00:14,00:45:25
,,,01/06/2026,Seg,ZRyotta,15,28,2,"493,800","802,800",28,"479,400","55,683","6,600,000",0,0,0,0,00:13,00:46:40
,,,01/06/2026,Seg,Tripaloska,18,30,3,"783,700","988,300",91,"617,400","218,800","7,700,000",0,0,0,0,00:14,00:45:15
,,,01/06/2026,Seg,Slow,15,26,2,"492,600","663,600",69,"371,800","44,803","1,100,000",0,0,0,0,00:12,00:46:43
,,,01/06/2026,Seg,Kosh,31,28,3,"1,100,000","923,000",190,"597,000","58,914","682,100",0,0,0,0,00:12,00:47:06
T2,Calpheon,PARTICIPAÇÃO,02/06/2026,Ter,KingDark,33,18,5,"782,200","919,900",61,"706,900","154,500","11,500,000",0,0,0,0,00:07,00:49:04
,,,02/06/2026,Ter,Voltroon,30,24,4,"565,200","650,400",57,"369,000","51,142","5,300,000",0,0,0,0,00:10,00:45:47
,,,02/06/2026,Ter,GhostFarmer,27,23,3,"589,300","838,000",78,"564,100","66,039","4,600,000",0,0,0,1,00:11,00:45:07
,,,02/06/2026,Ter,OxiTo,20,19,3,"435,400","638,800",73,"417,600","59,258","1,700,000",0,0,0,0,00:09,00:47:19
,,,02/06/2026,Ter,ZRyotta,27,22,2,"581,100","697,900",44,"442,200","280,000","2,400,000",0,0,0,0,00:09,00:46:30
,,,02/06/2026,Ter,Tripaloska,34,19,4,"1,100,000","917,800",161,"690,400","131,800","2,400,000",0,0,0,0,00:08,00:48:16
,,,02/06/2026,Ter,LinnWatts,25,21,5,"639,300","486,000",117,"265,400","35,753","7,000,000",174,2,260,0,00:11,00:44:42
,,,02/06/2026,Ter,GDzinn,13,19,6,"337,500","626,700",54,"417,000","47,220","1,500,000",0,0,0,0,00:08,00:48:17
,,,02/06/2026,Ter,Azly,17,25,2,"666,700","658,900",81,"367,200","43,855","10,300,000",0,0,0,0,00:19,00:37:13
,,,02/06/2026,Ter,Honsberg,2,30,2,"100,800","704,200",17,"343,400","672,700","78,577",0,0,0,1,00:13,00:42:47
,,,02/06/2026,Ter,Portela,24,16,3,"529,000","630,500",58,"437,100","39,406","13,300,000",0,0,0,2,00:08,00:48:23
,,,02/06/2026,Ter,Infa,70,29,6,"1,800,000","776,900","3,885","454,200","53,704","93,480,000",0,0,0,0,00:13,00:43:22
,,,02/06/2026,Ter,Largo_Moto,24,27,3,"495,600","727,000",42,"423,900","55,800","1,700,000",0,0,0,0,00:12,00:44:09
,,,02/06/2026,Ter,BololoHAHAHAHA,29,19,4,"944,000","891,800",82,"674,500","68,594","6,900,000",0,0,0,0,00:08,00:47:43
,,,02/06/2026,Ter,Japah,3,18,1,"73,072","442,400",8,"223,300","93,915","208,000",0,0,0,6,00:14,00:42:20
,,,02/06/2026,Ter,Goushin,28,18,3,"577,300","681,900",46,"470,100","170,100","4,400,000",0,0,0,0,00:09,00:46:55
,,,02/06/2026,Ter,TiuPita,38,19,5,"781,500","789,300",90,"559,100","55,131","2,900,000",0,0,0,0,00:08,00:48:18
,,,02/06/2026,Ter,ViTaoX,19,37,3,"509,400","847,900",106,"434,300","56,536","3,100,000",0,0,0,0,00:18,00:38:16
,,,02/06/2026,Ter,Maby,0,19,0,"4,713","516,600",3,"286,700","968,100","1,252",0,0,0,0,00:10,00:46:11
,,,02/06/2026,Ter,Anthropos,14,24,2,"729,500","657,200",146,"389,500","50,697","742,900",0,0,0,0,00:11,00:45:01
,,,02/06/2026,Ter,CorvoNegroo,43,19,4,"999,300","806,600",121,"577,700","178,800","359,500",0,0,0,0,00:08,00:48:27
,,,02/06/2026,Ter,DEC,22,23,3,"728,100","773,500",69,"507,100","52,115","19,900,000",0,0,0,0,00:10,00:45:46
,,,02/06/2026,Ter,Tdz1,36,22,3,"965,400","899,200",94,"653,500","73,310","4,000,000",0,0,0,0,00:09,00:47:13
,,,02/06/2026,Ter,Illumi,27,23,2,"717,600","810,800",123,"555,500","67,336","1,900,000",0,0,0,0,00:10,00:46:07
,,,02/06/2026,Ter,Mayke,1,6,1,"162,900","136,200",74,"63,259","8,492",0,0,0,0,0,00:01,00:54:43
T2,Ulukita,PARTICIPAÇÃO,03/06/2026,Qua,Likimo,33,14,2,"1,000,000","529,900",113,"369,900","41,765","15,400,000",0,0,0,0,00:06,00:43:08
,,,03/06/2026,Qua,GDzinn,18,12,3,"552,000","838,400",49,"674,000","75,300","6,500,000",0,0,0,1,00:05,00:44:29
,,,03/06/2026,Qua,Hauks,1,25,1,"37,469","615,000",18,"299,500","1,000,000","1,400,000",0,0,0,1,00:14,00:35:51
,,,03/06/2026,Qua,Arquitorto,4,13,2,"315,800","581,000",25,"414,300","55,314","5,200,000",0,0,0,2,00:06,00:43:48
,,,03/06/2026,Qua,Illumi,10,14,1,"447,200","660,300",81,"502,400","70,674","8,200,000",0,0,0,0,00:06,00:43:17
,,,03/06/2026,Qua,Tripaloska,26,15,3,"686,500","842,200",90,"638,000","192,700","12,600,000",0,0,0,0,00:06,00:43:38
,,,03/06/2026,Qua,Goushin,10,13,1,"364,600","518,000",38,"367,600","99,432","8,900,000",0,0,0,0,00:08,00:42:00
,,,03/06/2026,Qua,TiuPita,20,11,3,"500,400","593,000",47,"446,900","48,754","3,800,000",0,0,0,0,00:05,00:44:46
,,,03/06/2026,Qua,CorvoNegroo,28,11,3,"886,600","710,200",110,"565,300","230,700","3,700,000",0,0,0,0,00:05,00:44:48
,,,03/06/2026,Qua,Japah,6,11,2,"207,200","505,400",22,"369,200","36,318","1,200,000",0,0,0,5,00:07,00:42:22
,,,03/06/2026,Qua,ZRyotta,12,11,2,"379,900","446,400",34,"313,200","132,300","5,900,000",0,0,0,0,00:05,00:45:02
,,,03/06/2026,Qua,GhostFarmer,13,15,3,"487,200","645,200",60,"455,500","60,961","6,800,000",0,0,0,2,00:10,00:39:23
,,,03/06/2026,Qua,Kolicheva,8,16,2,"106,400","582,700",11,"381,600","1,500,000","162,300",0,0,0,3,00:06,00:43:10
,,,03/06/2026,Qua,Denzell,15,21,2,"544,300","672,900",94,"429,500","86,032","4,600,000",0,0,0,0,00:09,00:40:09
,,,03/06/2026,Qua,KIDISGRAMA,1,21,1,"14,119","571,800",3,"305,500","1,400,000","1,000,000",0,0,0,2,00:09,00:40:04
,,,03/06/2026,Qua,Urahara,6,23,1,"229,100","607,100",12,"333,600","41,753","4,500,000",0,0,0,1,00:10,00:39:17
,,,03/06/2026,Qua,Anthropos,17,16,2,"335,000","488,000",45,"298,200","40,538","1,300,000",0,0,0,0,00:08,00:41:46
,,,03/06/2026,Qua,Azly,2,21,1,"278,500","432,800",52,"196,200","25,441","2,000,000",0,0,0,0,00:18,00:31:36
,,,03/06/2026,Qua,LinnWatts,7,19,2,"302,900","451,900",56,"247,300","26,589","6,300,000",38,0,213,0,00:11,00:38:46
,,,03/06/2026,Qua,ViTaoX,14,20,2,"376,700","760,000",39,"533,100","64,756","4,000,000",0,0,0,0,00:09,00:40:24
,,,03/06/2026,Qua,KingDark,18,17,2,"415,600","797,600",39,"586,200","152,200","13,300,000",0,0,0,0,00:07,00:42:07
,,,03/06/2026,Qua,Tdz1,25,18,2,"577,200","699,800",50,"483,400","58,986","6,400,000",0,0,0,0,00:08,00:41:20
,,,03/06/2026,Qua,Abeguar,6,2,3,"144,300","65,539",69,"40,257","3,547",0,0,0,0,0,00:00,00:49:17
T2,Ulukita,PARTICIPAÇÃO,04/06/2026,Qui,Tdz1,22,23,7,"762,500","813,500",67,"556,100","67,904","3,300,000",0,0,0,0,00:10:26,00:43:38
,,,04/06/2026,Qui,Azly,18,22,3,"429,800","510,200",50,"261,300","30,872","12,200,000",0,0,0,0,00:26:51,00:27:13
,,,04/06/2026,Qui,TiuPita,21,25,3,"682,900","836,700",91,"551,100","65,549","2,100,000",0,0,0,0,00:10:57,00:43:07
,,,04/06/2026,Qui,Infa,52,32,5,"1,500,000","815,500",304,"455,500","60,965","1,400,000",0,0,0,0,00:14:00,00:40:04
,,,04/06/2026,Qui,Germinix,2,20,1,"18,375","613,700",3,"356,000","1,100,000","328,200",0,0,0,0,00:08:43,00:45:21
,,,04/06/2026,Qui,OPeres,13,21,4,"293,900","600,600",29,"363,500","49,546","3,300,000",0,0,0,0,00:18:18,00:35:46
,,,04/06/2026,Qui,KingDark,19,22,2,"612,500","916,200",53,"660,300","269,100","14,300,000",0,0,0,0,00:10:14,00:43:50
,,,04/06/2026,Qui,Anthropos,18,17,4,"491,100","562,000",90,"362,400","39,433","1,800,000",0,0,0,0,00:08:15,00:45:49
,,,04/06/2026,Qui,Likimo,44,15,5,"1,300,000","598,900",138,"424,700","68,750","34,100,000",0,0,0,0,00:07:31,00:46:33
,,,04/06/2026,Qui,Goushin,18,15,3,"611,100","583,200",63,"416,400","99,629","7,800,000",0,0,0,0,00:07:06,00:46:58
,,,04/06/2026,Qui,Japah,9,8,2,"206,400","421,000",38,"324,000","30,507","1,700,000",0,0,0,2,00:04:05,00:49:59
,,,04/06/2026,Qui,Voltroon,27,15,4,"548,400","548,900",54,"400,000","53,349","14,100,000",0,0,0,0,00:06:30,00:47:34
,,,04/06/2026,Qui,GDzinn,18,22,2,"576,400","848,500",69,"589,300","77,603","5,600,000",0,0,0,1,00:09:08,00:44:56
,,,04/06/2026,Qui,Brecador,5,33,1,"271,400","842,200",28,"465,400","86,552","2,700,000",0,0,0,2,00:14:52,00:39:12
,,,04/06/2026,Qui,KIDISGRAMA,0,26,0,"17,996","729,600",4,"389,300","1,300,000","336,700",0,0,0,1,00:13:12,00:40:52
,,,04/06/2026,Qui,GhostFarmer,21,27,3,"599,900","837,800",75,"530,500","70,001","4,500,000",0,0,0,0,00:15:16,00:38:48
,,,04/06/2026,Qui,Abeguar,18,28,3,"393,700","715,800",32,"395,800","56,828","6,500,000",0,0,0,1,00:12:39,00:41:25
,,,04/06/2026,Qui,KaliliM,18,29,3,"428,900","830,900",46,"500,300","66,517","6,600,000",0,0,0,0,00:12:53,00:41:11
,,,04/06/2026,Qui,PAULAOl,90,6,7,"1,600,000","597,800",128,"515,500","150,900","18,600,000",0,0,0,0,00:03:06,00:50:58
,,,04/06/2026,Qui,Largo_Moto,11,27,2,"245,200","686,800",22,"401,700","48,548","3,800,000",0,0,0,0,00:12:35,00:41:29
,,,04/06/2026,Qui,BololoHAHAHAHA,25,26,3,"781,300","890,900",77,"590,100","66,660","10,700,000",0,0,0,0,00:11:36,00:42:28
,,,04/06/2026,Qui,BloodAxe,20,26,3,"584,500","832,500",122,"529,300","73,899","7,700,000",0,0,0,1,00:11:55,00:42:09
,,,04/06/2026,Qui,Honsberg,2,26,1,"59,162","593,100",23,"281,600","547,300","283,800",0,0,0,2,00:11:57,00:42:07
,,,04/06/2026,Qui,ViTaoX,12,26,2,"461,900","925,600",51,"632,800","68,349","5,700,000",0,0,0,0,00:13:16,00:40:48
,,,04/06/2026,Qui,Mayke,2,4,1,"67,974","149,900",18,"103,600","13,331","74,472",0,0,0,0,00:02:19,00:51:45
,,,,,,,,,,,,,,,,,,,,
,,,,,,,,,,,,,,,,,,,,
,,,,,,,,,,,,,,,,,,,,
,,,,,,,,,,,,,,,,,,,,
,,,,,,,,,,,,,,,,,,,,
,,,,,,,,,,,,,,,,,,,,
,,,,,,,,,,,,,,,,,,,,
,,,,,,,,,,,,,,,,,,,,
,,,,,,,,,,,,,,,,,,,,
,,,,,,,,,,,,,,,,,,,,
,,,,,,,,,,,,,,,,,,,,
,,,,,,,,,,,,,,,,,,,,
,,,,,,,,,,,,,,,,,,,,
,,,,,,,,,,,,,,,,,,,,
,,,,,,,,,,,,,,,,,,,,
,,,,,,,,,,,,,,,,,,,,
,,,,,,,,,,,,,,,,,,,,
,,,,,,,,,,,,,,,,,,,,
,,,,,,,,,,,,,,,,,,,,
,,,,,,,,,,,,,,,,,,,,
,,,,,,,,,,,,,,,,,,,,
,,,,,,,,,,,,,,,,,,,,
,,,,,,,,,,,,,,,,,,,,
,,,,,,,,,,,,,,,,,,,,
,,,,,,,,,,,,,,,,,,,,
,,,,,,,,,,,,,,,,,,,,
,,,,,,,,,,,,,,,,,,,,
,,,,,,,,,,,,,,,,,,,,
,,,,,,,,,,,,,,,,,,,,
,,,,,,,,,,,,,,,,,,,,
,,,,,,,,,,,,,,,,,,,,
,,,,,,,,,,,,,,,,,,,,
,,,,,,,,,,,,,,,,,,,,
,,,,,,,,,,,,,,,,,,,,
,,,,,,,,,,,,,,,,,,,,
,,,,,,,,,,,,,,,,,,,,
,,,,,,,,,,,,,,,,,,,,
,,,,,,,,,,,,,,,,,,,,
,,,,,,,,,,,,,,,,,,,,
,,,,,,,,,,,,,,,,,,,,
,,,,,,,,,,,,,,,,,,,,
,,,,,,,,,,,,,,,,,,,,
,,,,,,,,,,,,,,,,,,,,
,,,,,,,,,,,,,,,,,,,,
,,,,,,,,,,,,,,,,,,,,
,,,,,,,,,,,,,,,,,,,,
,,,,,,,,,,,,,,,,,,,,
,,,,,,,,,,,,,,,,,,,,
,,,,,,,,,,,,,,,,,,,,
,,,,,,,,,,,,,,,,,,,,
,,,,,,,,,,,,,,,,,,,,
,,,,,,,,,,,,,,,,,,,,
,,,,,,,,,,,,,,,,,,,,
,,,,,,,,,,,,,,,,,,,,
,,,,,,,,,,,,,,,,,,,,
,,,,,,,,,,,,,,,,,,,,
,,,,,,,,,,,,,,,,,,,,
,,,,,,,,,,,,,,,,,,,,
,,,,,,,,,,,,,,,,,,,,
,,,,,,,,,,,,,,,,,,,,
,,,,,,,,,,,,,,,,,,,,
,,,,,,,,,,,,,,,,,,,,
,,,,,,,,,,,,,,,,,,,,
,,,,,,,,,,,,,,,,,,,,
,,,,,,,,,,,,,,,,,,,,
,,,,,,,,,,,,,,,,,,,,
,,,,,,,,,,,,,,,,,,,,
,,,,,,,,,,,,,,,,,,,,
,,,,,,,,,,,,,,,,,,,,
,,,,,,,,,,,,,,,,,,,,
,,,,,,,,,,,,,,,,,,,,
,,,,,,,,,,,,,,,,,,,,
,,,,,,,,,,,,,,,,,,,,
,,,,,,,,,,,,,,,,,,,,
,,,,,,,,,,,,,,,,,,,,
,,,,,,,,,,,,,,,,,,,,
,,,,,,,,,,,,,,,,,,,,
,,,,,,,,,,,,,,,,,,,,
,,,,,,,,,,,,,,,,,,,,
,,,,,,,,,,,,,,,,,,,,
,,,,,,,,,,,,,,,,,,,,
,,,,,,,,,,,,,,,,,,,,
,,,,,,,,,,,,,,,,,,,,
,,,,,,,,,,,,,,,,,,,,
,,,,,,,,,,,,,,,,,,,,
,,,,,,,,,,,,,,,,,,,,
,,,,,,,,,,,,,,,,,,,,
,,,,,,,,,,,,,,,,,,,,
,,,,,,,,,,,,,,,,,,,,
,,,,,,,,,,,,,,,,,,,,
,,,,,,,,,,,,,,,,,,,,
,,,,,,,,,,,,,,,,,,,,
,,,,,,,,,,,,,,,,,,,,
,,,,,,,,,,,,,,,,,,,,
,,,,,,,,,,,,,,,,,,,,
,,,,,,,,,,,,,,,,,,,,
,,,,,,,,,,,,,,,,,,,,
,,,,,,,,,,,,,,,,,,,,
,,,,,,,,,,,,,,,,,,,,
,,,,,,,,,,,,,,,,,,,,
,,,,,,,,,,,,,,,,,,,,
,,,,,,,,,,,,,,,,,,,,
,,,,,,,,,,,,,,,,,,,,
,,,,,,,,,,,,,,,,,,,,
,,,,,,,,,,,,,,,,,,,,
,,,,,,,,,,,,,,,,,,,,
,,,,,,,,,,,,,,,,,,,,
,,,,,,,,,,,,,,,,,,,,
,,,,,,,,,,,,,,,,,,,,
,,,,,,,,,,,,,,,,,,,,
,,,,,,,,,,,,,,,,,,,,
,,,,,,,,,,,,,,,,,,,,
,,,,,,,,,,,,,,,,,,,,
,,,,,,,,,,,,,,,,,,,,
,,,,,,,,,,,,,,,,,,,,
,,,,,,,,,,,,,,,,,,,,
,,,,,,,,,,,,,,,,,,,,
,,,,,,,,,,,,,,,,,,,,
,,,,,,,,,,,,,,,,,,,,
,,,,,,,,,,,,,,,,,,,,
,,,,,,,,,,,,,,,,,,,,
,,,,,,,,,,,,,,,,,,,,
,,,,,,,,,,,,,,,,,,,,
,,,,,,,,,,,,,,,,,,,,
,,,,,,,,,,,,,,,,,,,,
,,,,,,,,,,,,,,,,,,,,
,,,,,,,,,,,,,,,,,,,,
,,,,,,,,,,,,,,,,,,,,
,,,,,,,,,,,,,,,,,,,,
,,,,,,,,,,,,,,,,,,,,
,,,,,,,,,,,,,,,,,,,,
,,,,,,,,,,,,,,,,,,,,
,,,,,,,,,,,,,,,,,,,,
,,,,,,,,,,,,,,,,,,,,
,,,,,,,,,,,,,,,,,,,,
,,,,,,,,,,,,,,,,,,,,
,,,,,,,,,,,,,,,,,,,,
,,,,,,,,,,,,,,,,,,,,
,,,,,,,,,,,,,,,,,,,,
,,,,,,,,,,,,,,,,,,,,
,,,,,,,,,,,,,,,,,,,,
,,,,,,,,,,,,,,,,,,,,
,,,,,,,,,,,,,,,,,,,,
,,,,,,,,,,,,,,,,,,,,
,,,,,,,,,,,,,,,,,,,,
,,,,,,,,,,,,,,,,,,,,
,,,,,,,,,,,,,,,,,,,,
,,,,,,,,,,,,,,,,,,,,
,,,,,,,,,,,,,,,,,,,,
,,,,,,,,,,,,,,,,,,,,
,,,,,,,,,,,,,,,,,,,,
,,,,,,,,,,,,,,,,,,,,
,,,,,,,,,,,,,,,,,,,,
,,,,,,,,,,,,,,,,,,,,
,,,,,,,,,,,,,,,,,,,,
,,,,,,,,,,,,,,,,,,,,
,,,,,,,,,,,,,,,,,,,,
,,,,,,,,,,,,,,,,,,,,
,,,,,,,,,,,,,,,,,,,,
,,,,,,,,,,,,,,,,,,,,
,,,,,,,,,,,,,,,,,,,,
,,,,,,,,,,,,,,,,,,,,
,,,,,,,,,,,,,,,,,,,,
,,,,,,,,,,,,,,,,,,,,
,,,,,,,,,,,,,,,,,,,,
,,,,,,,,,,,,,,,,,,,,
,,,,,,,,,,,,,,,,,,,,
,,,,,,,,,,,,,,,,,,,,
,,,,,,,,,,,,,,,,,,,,
,,,,,,,,,,,,,,,,,,,,
,,,,,,,,,,,,,,,,,,,,
,,,,,,,,,,,,,,,,,,,,
,,,,,,,,,,,,,,,,,,,,
,,,,,,,,,,,,,,,,,,,,
,,,,,,,,,,,,,,,,,,,,
,,,,,,,,,,,,,,,,,,,,
,,,,,,,,,,,,,,,,,,,,
,,,,,,,,,,,,,,,,,,,,
,,,,,,,,,,,,,,,,,,,,
,,,,,,,,,,,,,,,,,,,,
,,,,,,,,,,,,,,,,,,,,
,,,,,,,,,,,,,,,,,,,,
,,,,,,,,,,,,,,,,,,,,
,,,,,,,,,,,,,,,,,,,,
,,,,,,,,,,,,,,,,,,,,
,,,,,,,,,,,,,,,,,,,,
,,,,,,,,,,,,,,,,,,,,
,,,,,,,,,,,,,,,,,,,,
,,,,,,,,,,,,,,,,,,,,
,,,,,,,,,,,,,,,,,,,,
,,,,,,,,,,,,,,,,,,,,
,,,,,,,,,,,,,,,,,,,,
,,,,,,,,,,,,,,,,,,,,
,,,,,,,,,,,,,,,,,,,,
,,,,,,,,,,,,,,,,,,,,
,,,,,,,,,,,,,,,,,,,,
,,,,,,,,,,,,,,,,,,,,
,,,,,,,,,,,,,,,,,,,,
,,,,,,,,,,,,,,,,,,,,
,,,,,,,,,,,,,,,,,,,,
,,,,,,,,,,,,,,,,,,,,
,,,,,,,,,,,,,,,,,,,,
,,,,,,,,,,,,,,,,,,,,
,,,,,,,,,,,,,,,,,,,,
,,,,,,,,,,,,,,,,,,,,
,,,,,,,,,,,,,,,,,,,,
,,,,,,,,,,,,,,,,,,,,
,,,,,,,,,,,,,,,,,,,,
,,,,,,,,,,,,,,,,,,,,
,,,,,,,,,,,,,,,,,,,,
,,,,,,,,,,,,,,,,,,,,
,,,,,,,,,,,,,,,,,,,,
,,,,,,,,,,,,,,,,,,,,
,,,,,,,,,,,,,,,,,,,,
,,,,,,,,,,,,,,,,,,,,
,,,,,,,,,,,,,,,,,,,,
,,,,,,,,,,,,,,,,,,,,
,,,,,,,,,,,,,,,,,,,,
,,,,,,,,,,,,,,,,,,,,
,,,,,,,,,,,,,,,,,,,,
,,,,,,,,,,,,,,,,,,,,
,,,,,,,,,,,,,,,,,,,,
,,,,,,,,,,,,,,,,,,,,
,,,,,,,,,,,,,,,,,,,,
,,,,,,,,,,,,,,,,,,,,
,,,,,,,,,,,,,,,,,,,,
,,,,,,,,,,,,,,,,,,,,
,,,,,,,,,,,,,,,,,,,,
,,,,,,,,,,,,,,,,,,,,
,,,,,,,,,,,,,,,,,,,,
,,,,,,,,,,,,,,,,,,,,
,,,,,,,,,,,,,,,,,,,,
,,,,,,,,,,,,,,,,,,,,
,,,,,,,,,,,,,,,,,,,,
,,,,,,,,,,,,,,,,,,,,
,,,,,,,,,,,,,,,,,,,,
,,,,,,,,,,,,,,,,,,,,
,,,,,,,,,,,,,,,,,,,,
,,,,,,,,,,,,,,,,,,,,
,,,,,,,,,,,,,,,,,,,,
,,,,,,,,,,,,,,,,,,,,
,,,,,,,,,,,,,,,,,,,,
,,,,,,,,,,,,,,,,,,,,
,,,,,,,,,,,,,,,,,,,,
,,,,,,,,,,,,,,,,,,,,
,,,,,,,,,,,,,,,,,,,,
,,,,,,,,,,,,,,,,,,,,
,,,,,,,,,,,,,,,,,,,,
,,,,,,,,,,,,,,,,,,,,
,,,,,,,,,,,,,,,,,,,,
,,,,,,,,,,,,,,,,,,,,
,,,,,,,,,,,,,,,,,,,,
,,,,,,,,,,,,,,,,,,,,
,,,,,,,,,,,,,,,,,,,,
,,,,,,,,,,,,,,,,,,,,
,,,,,,,,,,,,,,,,,,,,
,,,,,,,,,,,,,,,,,,,,
,,,,,,,,,,,,,,,,,,,,
,,,,,,,,,,,,,,,,,,,,
,,,,,,,,,,,,,,,,,,,,
,,,,,,,,,,,,,,,,,,,,
,,,,,,,,,,,,,,,,,,,,
,,,,,,,,,,,,,,,,,,,,
,,,,,,,,,,,,,,,,,,,,
,,,,,,,,,,,,,,,,,,,,
,,,,,,,,,,,,,,,,,,,,
,,,,,,,,,,,,,,,,,,,,
,,,,,,,,,,,,,,,,,,,,
,,,,,,,,,,,,,,,,,,,,
,,,,,,,,,,,,,,,,,,,,
,,,,,,,,,,,,,,,,,,,,
,,,,,,,,,,,,,,,,,,,,
,,,,,,,,,,,,,,,,,,,,
,,,,,,,,,,,,,,,,,,,,
,,,,,,,,,,,,,,,,,,,,
,,,,,,,,,,,,,,,,,,,,
,,,,,,,,,,,,,,,,,,,,
,,,,,,,,,,,,,,,,,,,,
,,,,,,,,,,,,,,,,,,,,
,,,,,,,,,,,,,,,,,,,,
,,,,,,,,,,,,,,,,,,,,
,,,,,,,,,,,,,,,,,,,,
,,,,,,,,,,,,,,,,,,,,
,,,,,,,,,,,,,,,,,,,,
,,,,,,,,,,,,,,,,,,,,
,,,,,,,,,,,,,,,,,,,,
,,,,,,,,,,,,,,,,,,,,
,,,,,,,,,,,,,,,,,,,,
,,,,,,,,,,,,,,,,,,,,
,,,,,,,,,,,,,,,,,,,,
,,,,,,,,,,,,,,,,,,,,
,,,,,,,,,,,,,,,,,,,,
,,,,,,,,,,,,,,,,,,,,
,,,,,,,,,,,,,,,,,,,,
,,,,,,,,,,,,,,,,,,,,
,,,,,,,,,,,,,,,,,,,,
,,,,,,,,,,,,,,,,,,,,
,,,,,,,,,,,,,,,,,,,,
,,,,,,,,,,,,,,,,,,,,
,,,,,,,,,,,,,,,,,,,,
,,,,,,,,,,,,,,,,,,,,
,,,,,,,,,,,,,,,,,,,,
,,,,,,,,,,,,,,,,,,,,
,,,,,,,,,,,,,,,,,,,,
,,,,,,,,,,,,,,,,,,,,
,,,,,,,,,,,,,,,,,,,,
,,,,,,,,,,,,,,,,,,,,
,,,,,,,,,,,,,,,,,,,,
,,,,,,,,,,,,,,,,,,,,
,,,,,,,,,,,,,,,,,,,,
,,,,,,,,,,,,,,,,,,,,
,,,,,,,,,,,,,,,,,,,,
,,,,,,,,,,,,,,,,,,,,
,,,,,,,,,,,,,,,,,,,,
,,,,,,,,,,,,,,,,,,,,
,,,,,,,,,,,,,,,,,,,,
,,,,,,,,,,,,,,,,,,,,
,,,,,,,,,,,,,,,,,,,,
,,,,,,,,,,,,,,,,,,,,
,,,,,,,,,,,,,,,,,,,,
,,,,,,,,,,,,,,,,,,,,
,,,,,,,,,,,,,,,,,,,,
,,,,,,,,,,,,,,,,,,,,
,,,,,,,,,,,,,,,,,,,,
,,,,,,,,,,,,,,,,,,,,
,,,,,,,,,,,,,,,,,,,,
,,,,,,,,,,,,,,,,,,,,
,,,,,,,,,,,,,,,,,,,,
,,,,,,,,,,,,,,,,,,,,
,,,,,,,,,,,,,,,,,,,,
,,,,,,,,,,,,,,,,,,,,
,,,,,,,,,,,,,,,,,,,,
,,,,,,,,,,,,,,,,,,,,
,,,,,,,,,,,,,,,,,,,,
,,,,,,,,,,,,,,,,,,,,
,,,,,,,,,,,,,,,,,,,,
,,,,,,,,,,,,,,,,,,,,
,,,,,,,,,,,,,,,,,,,,
,,,,,,,,,,,,,,,,,,,,
,,,,,,,,,,,,,,,,,,,,
,,,,,,,,,,,,,,,,,,,,
,,,,,,,,,,,,,,,,,,,,
,,,,,,,,,,,,,,,,,,,,
,,,,,,,,,,,,,,,,,,,,
,,,,,,,,,,,,,,,,,,,,
,,,,,,,,,,,,,,,,,,,,
,,,,,,,,,,,,,,,,,,,,
,,,,,,,,,,,,,,,,,,,,
,,,,,,,,,,,,,,,,,,,,
,,,,,,,,,,,,,,,,,,,,
,,,,,,,,,,,,,,,,,,,,
,,,,,,,,,,,,,,,,,,,,
,,,,,,,,,,,,,,,,,,,,
,,,,,,,,,,,,,,,,,,,,
,,,,,,,,,,,,,,,,,,,,
,,,,,,,,,,,,,,,,,,,,
,,,,,,,,,,,,,,,,,,,,
,,,,,,,,,,,,,,,,,,,,
,,,,,,,,,,,,,,,,,,,,
,,,,,,,,,,,,,,,,,,,,
,,,,,,,,,,,,,,,,,,,,
,,,,,,,,,,,,,,,,,,,,
,,,,,,,,,,,,,,,,,,,,
,,,,,,,,,,,,,,,,,,,,
,,,,,,,,,,,,,,,,,,,,
,,,,,,,,,,,,,,,,,,,,
,,,,,,,,,,,,,,,,,,,,
,,,,,,,,,,,,,,,,,,,,
,,,,,,,,,,,,,,,,,,,,
,,,,,,,,,,,,,,,,,,,,
,,,,,,,,,,,,,,,,,,,,
,,,,,,,,,,,,,,,,,,,,
,,,,,,,,,,,,,,,,,,,,
,,,,,,,,,,,,,,,,,,,,
,,,,,,,,,,,,,,,,,,,,
,,,,,,,,,,,,,,,,,,,,
,,,,,,,,,,,,,,,,,,,,
,,,,,,,,,,,,,,,,,,,,
,,,,,,,,,,,,,,,,,,,,
,,,,,,,,,,,,,,,,,,,,
,,,,,,,,,,,,,,,,,,,,
,,,,,,,,,,,,,,,,,,,,
,,,,,,,,,,,,,,,,,,,,
,,,,,,,,,,,,,,,,,,,,
,,,,,,,,,,,,,,,,,,,,
,,,,,,,,,,,,,,,,,,,,
,,,,,,,,,,,,,,,,,,,,
,,,,,,,,,,,,,,,,,,,,
,,,,,,,,,,,,,,,,,,,,
,,,,,,,,,,,,,,,,,,,,
,,,,,,,,,,,,,,,,,,,,
,,,,,,,,,,,,,,,,,,,,
,,,,,,,,,,,,,,,,,,,,
,,,,,,,,,,,,,,,,,,,,
,,,,,,,,,,,,,,,,,,,,
,,,,,,,,,,,,,,,,,,,,
,,,,,,,,,,,,,,,,,,,,
,,,,,,,,,,,,,,,,,,,,
,,,,,,,,,,,,,,,,,,,,
,,,,,,,,,,,,,,,,,,,,
,,,,,,,,,,,,,,,,,,,,
,,,,,,,,,,,,,,,,,,,,
,,,,,,,,,,,,,,,,,,,,
,,,,,,,,,,,,,,,,,,,,
,,,,,,,,,,,,,,,,,,,,
,,,,,,,,,,,,,,,,,,,,
,,,,,,,,,,,,,,,,,,,,
,,,,,,,,,,,,,,,,,,,,
,,,,,,,,,,,,,,,,,,,,
,,,,,,,,,,,,,,,,,,,,
,,,,,,,,,,,,,,,,,,,,
,,,,,,,,,,,,,,,,,,,,
,,,,,,,,,,,,,,,,,,,,
,,,,,,,,,,,,,,,,,,,,
,,,,,,,,,,,,,,,,,,,,
,,,,,,,,,,,,,,,,,,,,
,,,,,,,,,,,,,,,,,,,,
,,,,,,,,,,,,,,,,,,,,
,,,,,,,,,,,,,,,,,,,,
,,,,,,,,,,,,,,,,,,,,
,,,,,,,,,,,,,,,,,,,,
,,,,,,,,,,,,,,,,,,,,
,,,,,,,,,,,,,,,,,,,,
,,,,,,,,,,,,,,,,,,,,
,,,,,,,,,,,,,,,,,,,,
,,,,,,,,,,,,,,,,,,,,
,,,,,,,,,,,,,,,,,,,,
,,,,,,,,,,,,,,,,,,,,
,,,,,,,,,,,,,,,,,,,,
,,,,,,,,,,,,,,,,,,,,
,,,,,,,,,,,,,,,,,,,,
,,,,,,,,,,,,,,,,,,,,
,,,,,,,,,,,,,,,,,,,,
,,,,,,,,,,,,,,,,,,,,
,,,,,,,,,,,,,,,,,,,,
,,,,,,,,,,,,,,,,,,,,
,,,,,,,,,,,,,,,,,,,,
,,,,,,,,,,,,,,,,,,,,
,,,,,,,,,,,,,,,,,,,,
,,,,,,,,,,,,,,,,,,,,
,,,,,,,,,,,,,,,,,,,,
,,,,,,,,,,,,,,,,,,,,
,,,,,,,,,,,,,,,,,,,,
,,,,,,,,,,,,,,,,,,,,
,,,,,,,,,,,,,,,,,,,,
,,,,,,,,,,,,,,,,,,,,
,,,,,,,,,,,,,,,,,,,,
,,,,,,,,,,,,,,,,,,,,
,,,,,,,,,,,,,,,,,,,,
,,,,,,,,,,,,,,,,,,,,
,,,,,,,,,,,,,,,,,,,,
,,,,,,,,,,,,,,,,,,,,
,,,,,,,,,,,,,,,,,,,,
,,,,,,,,,,,,,,,,,,,,
,,,,,,,,,,,,,,,,,,,,
,,,,,,,,,,,,,,,,,,,,
,,,,,,,,,,,,,,,,,,,,
,,,,,,,,,,,,,,,,,,,,
,,,,,,,,,,,,,,,,,,,,
,,,,,,,,,,,,,,,,,,,,
,,,,,,,,,,,,,,,,,,,,
,,,,,,,,,,,,,,,,,,,,
,,,,,,,,,,,,,,,,,,,,
,,,,,,,,,,,,,,,,,,,,
,,,,,,,,,,,,,,,,,,,,
,,,,,,,,,,,,,,,,,,,,
,,,,,,,,,,,,,,,,,,,,
,,,,,,,,,,,,,,,,,,,,
,,,,,,,,,,,,,,,,,,,,
,,,,,,,,,,,,,,,,,,,,
,,,,,,,,,,,,,,,,,,,,
,,,,,,,,,,,,,,,,,,,,
,,,,,,,,,,,,,,,,,,,,
,,,,,,,,,,,,,,,,,,,,
,,,,,,,,,,,,,,,,,,,,
,,,,,,,,,,,,,,,,,,,,
,,,,,,,,,,,,,,,,,,,,
,,,,,,,,,,,,,,,,,,,,
,,,,,,,,,,,,,,,,,,,,
,,,,,,,,,,,,,,,,,,,,
,,,,,,,,,,,,,,,,,,,,
,,,,,,,,,,,,,,,,,,,,
,,,,,,,,,,,,,,,,,,,,
,,,,,,,,,,,,,,,,,,,,
,,,,,,,,,,,,,,,,,,,,
,,,,,,,,,,,,,,,,,,,,
,,,,,,,,,,,,,,,,,,,,
,,,,,,,,,,,,,,,,,,,,
,,,,,,,,,,,,,,,,,,,,
,,,,,,,,,,,,,,,,,,,,
,,,,,,,,,,,,,,,,,,,,
,,,,,,,,,,,,,,,,,,,,
,,,,,,,,,,,,,,,,,,,,
,,,,,,,,,,,,,,,,,,,,
,,,,,,,,,,,,,,,,,,,,
,,,,,,,,,,,,,,,,,,,,
,,,,,,,,,,,,,,,,,,,,
,,,,,,,,,,,,,,,,,,,,
,,,,,,,,,,,,,,,,,,,,
,,,,,,,,,,,,,,,,,,,,
,,,,,,,,,,,,,,,,,,,,
,,,,,,,,,,,,,,,,,,,,
,,,,,,,,,,,,,,,,,,,,
,,,,,,,,,,,,,,,,,,,,
,,,,,,,,,,,,,,,,,,,,
,,,,,,,,,,,,,,,,,,,,
,,,,,,,,,,,,,,,,,,,,
,,,,,,,,,,,,,,,,,,,,
,,,,,,,,,,,,,,,,,,,,
,,,,,,,,,,,,,,,,,,,,
,,,,,,,,,,,,,,,,,,,,
,,,,,,,,,,,,,,,,,,,,
,,,,,,,,,,,,,,,,,,,,
,,,,,,,,,,,,,,,,,,,,
,,,,,,,,,,,,,,,,,,,,
,,,,,,,,,,,,,,,,,,,,
,,,,,,,,,,,,,,,,,,,,
,,,,,,,,,,,,,,,,,,,,
,,,,,,,,,,,,,,,,,,,,
,,,,,,,,,,,,,,,,,,,,
,,,,,,,,,,,,,,,,,,,,
,,,,,,,,,,,,,,,,,,,,
,,,,,,,,,,,,,,,,,,,,
,,,,,,,,,,,,,,,,,,,,
,,,,,,,,,,,,,,,,,,,,
,,,,,,,,,,,,,,,,,,,,
,,,,,,,,,,,,,,,,,,,,
,,,,,,,,,,,,,,,,,,,,
,,,,,,,,,,,,,,,,,,,,
,,,,,,,,,,,,,,,,,,,,
,,,,,,,,,,,,,,,,,,,,
,,,,,,,,,,,,,,,,,,,,
,,,,,,,,,,,,,,,,,,,,
,,,,,,,,,,,,,,,,,,,,
,,,,,,,,,,,,,,,,,,,,
,,,,,,,,,,,,,,,,,,,,
,,,,,,,,,,,,,,,,,,,,
,,,,,,,,,,,,,,,,,,,,
,,,,,,,,,,,,,,,,,,,,
,,,,,,,,,,,,,,,,,,,,
,,,,,,,,,,,,,,,,,,,,
,,,,,,,,,,,,,,,,,,,,
,,,,,,,,,,,,,,,,,,,,
,,,,,,,,,,,,,,,,,,,,
,,,,,,,,,,,,,,,,,,,,
,,,,,,,,,,,,,,,,,,,,
,,,,,,,,,,,,,,,,,,,,
,,,,,,,,,,,,,,,,,,,,
,,,,,,,,,,,,,,,,,,,,
,,,,,,,,,,,,,,,,,,,,
,,,,,,,,,,,,,,,,,,,,
,,,,,,,,,,,,,,,,,,,,
,,,,,,,,,,,,,,,,,,,,
,,,,,,,,,,,,,,,,,,,,
,,,,,,,,,,,,,,,,,,,,
,,,,,,,,,,,,,,,,,,,,
,,,,,,,,,,,,,,,,,,,,
,,,,,,,,,,,,,,,,,,,,
,,,,,,,,,,,,,,,,,,,,
,,,,,,,,,,,,,,,,,,,,
,,,,,,,,,,,,,,,,,,,,
,,,,,,,,,,,,,,,,,,,,
,,,,,,,,,,,,,,,,,,,,
,,,,,,,,,,,,,,,,,,,,
,,,,,,,,,,,,,,,,,,,,
,,,,,,,,,,,,,,,,,,,,
,,,,,,,,,,,,,,,,,,,,
,,,,,,,,,,,,,,,,,,,,
,,,,,,,,,,,,,,,,,,,,
,,,,,,,,,,,,,,,,,,,,
,,,,,,,,,,,,,,,,,,,,
,,,,,,,,,,,,,,,,,,,,
,,,,,,,,,,,,,,,,,,,,
,,,,,,,,,,,,,,,,,,,,
,,,,,,,,,,,,,,,,,,,,
,,,,,,,,,,,,,,,,,,,,
,,,,,,,,,,,,,,,,,,,,
,,,,,,,,,,,,,,,,,,,,
,,,,,,,,,,,,,,,,,,,,
,,,,,,,,,,,,,,,,,,,,
,,,,,,,,,,,,,,,,,,,,
,,,,,,,,,,,,,,,,,,,,
,,,,,,,,,,,,,,,,,,,,
,,,,,,,,,,,,,,,,,,,,
,,,,,,,,,,,,,,,,,,,,
,,,,,,,,,,,,,,,,,,,,
,,,,,,,,,,,,,,,,,,,,
,,,,,,,,,,,,,,,,,,,,
,,,,,,,,,,,,,,,,,,,,
,,,,,,,,,,,,,,,,,,,,
,,,,,,,,,,,,,,,,,,,,
,,,,,,,,,,,,,,,,,,,,
,,,,,,,,,,,,,,,,,,,,
,,,,,,,,,,,,,,,,,,,,
,,,,,,,,,,,,,,,,,,,,
,,,,,,,,,,,,,,,,,,,,
,,,,,,,,,,,,,,,,,,,,
,,,,,,,,,,,,,,,,,,,,
,,,,,,,,,,,,,,,,,,,,
,,,,,,,,,,,,,,,,,,,,
,,,,,,,,,,,,,,,,,,,,
,,,,,,,,,,,,,,,,,,,,
,,,,,,,,,,,,,,,,,,,,
,,,,,,,,,,,,,,,,,,,,
,,,,,,,,,,,,,,,,,,,,
,,,,,,,,,,,,,,,,,,,,
,,,,,,,,,,,,,,,,,,,,
,,,,,,,,,,,,,,,,,,,,
,,,,,,,,,,,,,,,,,,,,
,,,,,,,,,,,,,,,,,,,,
,,,,,,,,,,,,,,,,,,,,
,,,,,,,,,,,,,,,,,,,,
,,,,,,,,,,,,,,,,,,,,
,,,,,,,,,,,,,,,,,,,,
,,,,,,,,,,,,,,,,,,,,
,,,,,,,,,,,,,,,,,,,,
,,,,,,,,,,,,,,,,,,,,
,,,,,,,,,,,,,,,,,,,,
,,,,,,,,,,,,,,,,,,,,
,,,,,,,,,,,,,,,,,,,,
,,,,,,,,,,,,,,,,,,,,
,,,,,,,,,,,,,,,,,,,,
,,,,,,,,,,,,,,,,,,,,
,,,,,,,,,,,,,,,,,,,,
,,,,,,,,,,,,,,,,,,,,
,,,,,,,,,,,,,,,,,,,,
,,,,,,,,,,,,,,,,,,,,
,,,,,,,,,,,,,,,,,,,,
,,,,,,,,,,,,,,,,,,,,
,,,,,,,,,,,,,,,,,,,,
,,,,,,,,,,,,,,,,,,,,
,,,,,,,,,,,,,,,,,,,,
,,,,,,,,,,,,,,,,,,,,
,,,,,,,,,,,,,,,,,,,,
,,,,,,,,,,,,,,,,,,,,
,,,,,,,,,,,,,,,,,,,,
,,,,,,,,,,,,,,,,,,,,
,,,,,,,,,,,,,,,,,,,,
,,,,,,,,,,,,,,,,,,,,
,,,,,,,,,,,,,,,,,,,,
,,,,,,,,,,,,,,,,,,,,
,,,,,,,,,,,,,,,,,,,,
,,,,,,,,,,,,,,,,,,,,
,,,,,,,,,,,,,,,,,,,,
,,,,,,,,,,,,,,,,,,,,
,,,,,,,,,,,,,,,,,,,,
,,,,,,,,,,,,,,,,,,,,
,,,,,,,,,,,,,,,,,,,,
,,,,,,,,,,,,,,,,,,,,
,,,,,,,,,,,,,,,,,,,,
,,,,,,,,,,,,,,,,,,,,
,,,,,,,,,,,,,,,,,,,,
,,,,,,,,,,,,,,,,,,,,
,,,,,,,,,,,,,,,,,,,,
,,,,,,,,,,,,,,,,,,,,
,,,,,,,,,,,,,,,,,,,,
,,,,,,,,,,,,,,,,,,,,
,,,,,,,,,,,,,,,,,,,,
,,,,,,,,,,,,,,,,,,,,
,,,,,,,,,,,,,,,,,,,,
,,,,,,,,,,,,,,,,,,,,
,,,,,,,,,,,,,,,,,,,,
,,,,,,,,,,,,,,,,,,,,
,,,,,,,,,,,,,,,,,,,,
,,,,,,,,,,,,,,,,,,,,
,,,,,,,,,,,,,,,,,,,,
,,,,,,,,,,,,,,,,,,,,
,,,,,,,,,,,,,,,,,,,,
,,,,,,,,,,,,,,,,,,,,
,,,,,,,,,,,,,,,,,,,,
,,,,,,,,,,,,,,,,,,,,
,,,,,,,,,,,,,,,,,,,,
,,,,,,,,,,,,,,,,,,,,
,,,,,,,,,,,,,,,,,,,,
,,,,,,,,,,,,,,,,,,,,
,,,,,,,,,,,,,,,,,,,,
,,,,,,,,,,,,,,,,,,,,
,,,,,,,,,,,,,,,,,,,,
,,,,,,,,,,,,,,,,,,,,
,,,,,,,,,,,,,,,,,,,,
,,,,,,,,,,,,,,,,,,,,
,,,,,,,,,,,,,,,,,,,,
,,,,,,,,,,,,,,,,,,,,
,,,,,,,,,,,,,,,,,,,,
,,,,,,,,,,,,,,,,,,,,
,,,,,,,,,,,,,,,,,,,,
,,,,,,,,,,,,,,,,,,,,
,,,,,,,,,,,,,,,,,,,,
,,,,,,,,,,,,,,,,,,,,
,,,,,,,,,,,,,,,,,,,,
,,,,,,,,,,,,,,,,,,,,
,,,,,,,,,,,,,,,,,,,,
,,,,,,,,,,,,,,,,,,,,
,,,,,,,,,,,,,,,,,,,,
,,,,,,,,,,,,,,,,,,,,
,,,,,,,,,,,,,,,,,,,,
,,,,,,,,,,,,,,,,,,,,
,,,,,,,,,,,,,,,,,,,,
,,,,,,,,,,,,,,,,,,,,
,,,,,,,,,,,,,,,,,,,,
,,,,,,,,,,,,,,,,,,,,
,,,,,,,,,,,,,,,,,,,,
,,,,,,,,,,,,,,,,,,,,
,,,,,,,,,,,,,,,,,,,,
,,,,,,,,,,,,,,,,,,,,
,,,,,,,,,,,,,,,,,,,,
,,,,,,,,,,,,,,,,,,,,
,,,,,,,,,,,,,,,,,,,,
,,,,,,,,,,,,,,,,,,,,
,,,,,,,,,,,,,,,,,,,,
,,,,,,,,,,,,,,,,,,,,
,,,,,,,,,,,,,,,,,,,,
,,,,,,,,,,,,,,,,,,,,
,,,,,,,,,,,,,,,,,,,,
,,,,,,,,,,,,,,,,,,,,
,,,,,,,,,,,,,,,,,,,,
,,,,,,,,,,,,,,,,,,,,
,,,,,,,,,,,,,,,,,,,,
,,,,,,,,,,,,,,,,,,,,
,,,,,,,,,,,,,,,,,,,,
,,,,,,,,,,,,,,,,,,,,
,,,,,,,,,,,,,,,,,,,,
,,,,,,,,,,,,,,,,,,,,
,,,,,,,,,,,,,,,,,,,,
,,,,,,,,,,,,,,,,,,,,
,,,,,,,,,,,,,,,,,,,,
,,,,,,,,,,,,,,,,,,,,
,,,,,,,,,,,,,,,,,,,,
,,,,,,,,,,,,,,,,,,,,
,,,,,,,,,,,,,,,,,,,,
,,,,,,,,,,,,,,,,,,,,
,,,,,,,,,,,,,,,,,,,,
,,,,,,,,,,,,,,,,,,,,
,,,,,,,,,,,,,,,,,,,,
,,,,,,,,,,,,,,,,,,,,
,,,,,,,,,,,,,,,,,,,,
,,,,,,,,,,,,,,,,,,,,
,,,,,,,,,,,,,,,,,,,,
,,,,,,,,,,,,,,,,,,,,
,,,,,,,,,,,,,,,,,,,,
,,,,,,,,,,,,,,,,,,,,
,,,,,,,,,,,,,,,,,,,,
,,,,,,,,,,,,,,,,,,,,
,,,,,,,,,,,,,,,,,,,,
,,,,,,,,,,,,,,,,,,,,
,,,,,,,,,,,,,,,,,,,,
,,,,,,,,,,,,,,,,,,,,
,,,,,,,,,,,,,,,,,,,,
,,,,,,,,,,,,,,,,,,,,
,,,,,,,,,,,,,,,,,,,,
,,,,,,,,,,,,,,,,,,,,
,,,,,,,,,,,,,,,,,,,,
,,,,,,,,,,,,,,,,,,,,
,,,,,,,,,,,,,,,,,,,,
,,,,,,,,,,,,,,,,,,,,
,,,,,,,,,,,,,,,,,,,,
,,,,,,,,,,,,,,,,,,,,
,,,,,,,,,,,,,,,,,,,,
,,,,,,,,,,,,,,,,,,,,
,,,,,,,,,,,,,,,,,,,,
,,,,,,,,,,,,,,,,,,,,
,,,,,,,,,,,,,,,,,,,,
,,,,,,,,,,,,,,,,,,,,
,,,,,,,,,,,,,,,,,,,,
,,,,,,,,,,,,,,,,,,,,
,,,,,,,,,,,,,,,,,,,,
,,,,,,,,,,,,,,,,,,,,
,,,,,,,,,,,,,,,,,,,,
,,,,,,,,,,,,,,,,,,,,
,,,,,,,,,,,,,,,,,,,,
,,,,,,,,,,,,,,,,,,,,
,,,,,,,,,,,,,,,,,,,,
,,,,,,,,,,,,,,,,,,,,
,,,,,,,,,,,,,,,,,,,,
,,,,,,,,,,,,,,,,,,,,
,,,,,,,,,,,,,,,,,,,,
,,,,,,,,,,,,,,,,,,,,
,,,,,,,,,,,,,,,,,,,,
,,,,,,,,,,,,,,,,,,,,
,,,,,,,,,,,,,,,,,,,,
,,,,,,,,,,,,,,,,,,,,
,,,,,,,,,,,,,,,,,,,,
,,,,,,,,,,,,,,,,,,,,
,,,,,,,,,,,,,,,,,,,,
,,,,,,,,,,,,,,,,,,,,
,,,,,,,,,,,,,,,,,,,,
,,,,,,,,,,,,,,,,,,,,
,,,,,,,,,,,,,,,,,,,,
,,,,,,,,,,,,,,,,,,,,
,,,,,,,,,,,,,,,,,,,,
,,,,,,,,,,,,,,,,,,,,
,,,,,,,,,,,,,,,,,,,,
,,,,,,,,,,,,,,,,,,,,
,,,,,,,,,,,,,,,,,,,,
,,,,,,,,,,,,,,,,,,,,
,,,,,,,,,,,,,,,,,,,,
,,,,,,,,,,,,,,,,,,,,
,,,,,,,,,,,,,,,,,,,,
,,,,,,,,,,,,,,,,,,,,
,,,,,,,,,,,,,,,,,,,,
,,,,,,,,,,,,,,,,,,,,
,,,,,,,,,,,,,,,,,,,,
,,,,,,,,,,,,,,,,,,,,
,,,,,,,,,,,,,,,,,,,,
,,,,,,,,,,,,,,,,,,,,
,,,,,,,,,,,,,,,,,,,,
,,,,,,,,,,,,,,,,,,,,
,,,,,,,,,,,,,,,,,,,,
,,,,,,,,,,,,,,,,,,,,
,,,,,,,,,,,,,,,,,,,,
,,,,,,,,,,,,,,,,,,,,
,,,,,,,,,,,,,,,,,,,,
,,,,,,,,,,,,,,,,,,,,
,,,,,,,,,,,,,,,,,,,,
,,,,,,,,,,,,,,,,,,,,
,,,,,,,,,,,,,,,,,,,,
,,,,,,,,,,,,,,,,,,,,
,,,,,,,,,,,,,,,,,,,,
,,,,,,,,,,,,,,,,,,,,
,,,,,,,,,,,,,,,,,,,,
,,,,,,,,,,,,,,,,,,,,
,,,,,,,,,,,,,,,,,,,,
,,,,,,,,,,,,,,,,,,,,
,,,,,,,,,,,,,,,,,,,,
,,,,,,,,,,,,,,,,,,,,
,,,,,,,,,,,,,,,,,,,,
,,,,,,,,,,,,,,,,,,,,
,,,,,,,,,,,,,,,,,,,,
,,,,,,,,,,,,,,,,,,,,
,,,,,,,,,,,,,,,,,,,,
,,,,,,,,,,,,,,,,,,,,
,,,,,,,,,,,,,,,,,,,,
,,,,,,,,,,,,,,,,,,,,
,,,,,,,,,,,,,,,,,,,,
,,,,,,,,,,,,,,,,,,,,
,,,,,,,,,,,,,,,,,,,,
,,,,,,,,,,,,,,,,,,,,
,,,,,,,,,,,,,,,,,,,,
,,,,,,,,,,,,,,,,,,,,
,,,,,,,,,,,,,,,,,,,,
,,,,,,,,,,,,,,,,,,,,
,,,,,,,,,,,,,,,,,,,,
,,,,,,,,,,,,,,,,,,,,
,,,,,,,,,,,,,,,,,,,,
,,,,,,,,,,,,,,,,,,,,
,,,,,,,,,,,,,,,,,,,,
,,,,,,,,,,,,,,,,,,,,
,,,,,,,,,,,,,,,,,,,,
,,,,,,,,,,,,,,,,,,,,
,,,,,,,,,,,,,,,,,,,,
,,,,,,,,,,,,,,,,,,,,
,,,,,,,,,,,,,,,,,,,,
,,,,,,,,,,,,,,,,,,,,
,,,,,,,,,,,,,,,,,,,,
,,,,,,,,,,,,,,,,,,,,
,,,,,,,,,,,,,,,,,,,,
,,,,,,,,,,,,,,,,,,,,
,,,,,,,,,,,,,,,,,,,,
,,,,,,,,,,,,,,,,,,,,
,,,,,,,,,,,,,,,,,,,,
,,,,,,,,,,,,,,,,,,,,
,,,,,,,,,,,,,,,,,,,,
,,,,,,,,,,,,,,,,,,,,
,,,,,,,,,,,,,,,,,,,,
,,,,,,,,,,,,,,,,,,,,
,,,,,,,,,,,,,,,,,,,,
,,,,,,,,,,,,,,,,,,,,
,,,,,,,,,,,,,,,,,,,,
,,,,,,,,,,,,,,,,,,,,
,,,,,,,,,,,,,,,,,,,,
,,,,,,,,,,,,,,,,,,,,
,,,,,,,,,,,,,,,,,,,,
,,,,,,,,,,,,,,,,,,,,
,,,,,,,,,,,,,,,,,,,,
,,,,,,,,,,,,,,,,,,,,
,,,,,,,,,,,,,,,,,,,,
,,,,,,,,,,,,,,,,,,,,
,,,,,,,,,,,,,,,,,,,,
,,,,,,,,,,,,,,,,,,,,
,,,,,,,,,,,,,,,,,,,,
,,,,,,,,,,,,,,,,,,,,
,,,,,,,,,,,,,,,,,,,,
,,,,,,,,,,,,,,,,,,,,
,,,,,,,,,,,,,,,,,,,,
,,,,,,,,,,,,,,,,,,,,
,,,,,,,,,,,,,,,,,,,,
,,,,,,,,,,,,,,,,,,,,
,,,,,,,,,,,,,,,,,,,,
,,,,,,,,,,,,,,,,,,,,
,,,,,,,,,,,,,,,,,,,,
,,,,,,,,,,,,,,,,,,,,
,,,,,,,,,,,,,,,,,,,,
,,,,,,,,,,,,,,,,,,,,
,,,,,,,,,,,,,,,,,,,,
,,,,,,,,,,,,,,,,,,,,
,,,,,,,,,,,,,,,,,,,,
,,,,,,,,,,,,,,,,,,,,
,,,,,,,,,,,,,,,,,,,,
,,,,,,,,,,,,,,,,,,,,
,,,,,,,,,,,,,,,,,,,,
,,,,,,,,,,,,,,,,,,,,
,,,,,,,,,,,,,,,,,,,,
,,,,,,,,,,,,,,,,,,,,
,,,,,,,,,,,,,,,,,,,,
,,,,,,,,,,,,,,,,,,,,
,,,,,,,,,,,,,,,,,,,,
,,,,,,,,,,,,,,,,,,,,
,,,,,,,,,,,,,,,,,,,,
,,,,,,,,,,,,,,,,,,,,
,,,,,,,,,,,,,,,,,,,,
,,,,,,,,,,,,,,,,,,,,
,,,,,,,,,,,,,,,,,,,,
,,,,,,,,,,,,,,,,,,,,
,,,,,,,,,,,,,,,,,,,,
,,,,,,,,,,,,,,,,,,,,
,,,,,,,,,,,,,,,,,,,,
,,,,,,,,,,,,,,,,,,,,
,,,,,,,,,,,,,,,,,,,,
,,,,,,,,,,,,,,,,,,,,
,,,,,,,,,,,,,,,,,,,,
,,,,,,,,,,,,,,,,,,,,
,,,,,,,,,,,,,,,,,,,,
,,,,,,,,,,,,,,,,,,,,
,,,,,,,,,,,,,,,,,,,,
,,,,,,,,,,,,,,,,,,,,
,,,,,,,,,,,,,,,,,,,,
,,,,,,,,,,,,,,,,,,,,